"source","country","topic","key","value","success","reason","updated_at","search_result.page","search_result.position","search_result.type","search_result.id","search_result.url","search_result.name","search_result.brand_name","search_result.image_url","search_result.min_price","search_result.max_price","search_result.currency","search_result.review_count","search_result.review_rating","search_result.offer_count","search_result.flags"
"amazon","in","search_results","term","smart watches","true","","2026-01-09 13:39:24 UTC","1","1","product","B0BF57RN3K","https://www.amazon.in/-/bn/dp/B0BF57RN3K/","Fire-Boltt Ninja Call Pro Plus ব্লুটুথ কলিং স্মার্ট ওয়াচ, 1.83″ HD ডিসপ্লে, AI ভয়েস অ্যাসিস্ট্যান্ট, 100+ স্পোর্টস মোড, IP67 ওয়াটারপ্রুফ, SpO2 এবং হার্ট রেট মনিটর স্মার্টওয়াচ পুরুষ ও মহিলাদের জন্য","","https://m.media-amazon.com/images/I/61rmkmqD5VL._AC_UY654_QL65_.jpg","1099.0","1099.0","INR","0","","",""
"amazon","in","search_results","term","smart watches","true","","2026-01-09 13:39:24 UTC","1","2","product","B0BSGXWTGP","https://www.amazon.in/-/bn/dp/B0BSGXWTGP/","Bouncefit D20 Y68 ফিটনেস ব্যান্ড স্মার্ট ওয়াচ পুরুষ, মহিলা, বালক, বালিকা, বাচ্চাদের জন্য - একক টাচ ইন্টারফেস, জল প্রতিরোধী, ওয়ার্কআউট মোড, দ্রুত চার্জ স্পোর্টস স্মার্টওয়াচ - জেট ব্ল্যাক","","https://m.media-amazon.com/images/I/51VZN8HIAFL._AC_UY654_QL65_.jpg","398.0","398.0","INR","34","100","",""
"amazon","in","search_results","term","smart watches","true","","2026-01-09 13:39:24 UTC","1","3","product","B0BJ72WZQ7","https://www.amazon.in/-/bn/dp/B0BJ72WZQ7/","Noise Twist ব্লুটুথ কলিং সহ রাউন্ড ডায়াল স্মার্ট ওয়াচ, 1.38"" TFT ডিসপ্লে, 7 দিন পর্যন্ত ব্যাটারি, 100+ ওয়াচ ফেস, IP68, হার্ট রেট মনিটর, স্লিপ ট্র্যাকিং (জেট ব্ল্যাক)","","https://m.media-amazon.com/images/I/61-vRq2ulOL._AC_UY654_QL65_.jpg","1499.0","1499.0","INR","503","100","",""
"amazon","in","search_results","term","smart watches","true","","2026-01-09 13:39:24 UTC","1","4","product","B0DTB2TZ84","https://www.amazon.in/-/bn/dp/B0DTB2TZ84/","Fire-Boltt Ninja Call Pro Max ব্লুটুথ কলিং স্মার্ট ওয়াচ, 2.01″ HD ডিসপ্লে, 120+ স্পোর্টস মোড, হেলথ স্যুট, AI ভয়েস অ্যাসিস্ট্যান্স, SpO2 এবং হার্ট রেট মনিটর স্মার্টওয়াচ পুরুষ ও মহিলাদের জন্য - সবুজ","","https://m.media-amazon.com/images/I/61C+LPKx+4L._AC_UY654_QL65_.jpg","999.0","999.0","INR","6","100","",""
"amazon","in","search_results","term","smart watches","true","","2026-01-09 13:39:24 UTC","1","5","product","B0D5LRGSCR","https://www.amazon.in/-/bn/dp/B0D5LRGSCR/","boAt Storm Call 3 w/TBT নেভিগেশন, ডেইলি অ্যাক্টিভিটি ট্র্যাকার, DIY ওয়াচ ফেস স্টুডিও,700+ অ্যাক্টিভ মোড, 1.83"" (4.6 cm) HD ডিসপ্লে ফিটনেস স্মার্ট ওয়াচ পুরুষ ও মহিলাদের জন্য (অ্যাক্টিভ ব্ল্যাক)","","https://m.media-amazon.com/images/I/61A9rFdBjtL._AC_UY654_QL65_.jpg","1099.0","1099.0","INR","345","100","","Amazon-এর পছন্দ"
"amazon","in","search_results","term","smart watches","true","","2026-01-09 13:39:24 UTC","1","6","product","B0D95TMQ3M","https://www.amazon.in/-/bn/dp/B0D95TMQ3M/","Bouncefit M I D116 ফিটনেস ব্যান্ড স্মার্ট ওয়াচ পুরুষ, মহিলা, বালক, বালিকা, বাচ্চাদের জন্য - একক টাচ ইন্টারফেস, জল প্রতিরোধী, ওয়ার্কআউট মোড, দ্রুত চার্জ স্পোর্টস স্মার্টওয়াচ - কালো I","","https://m.media-amazon.com/images/I/61xvs-2sD0L._AC_UY654_QL65_.jpg","398.0","398.0","INR","13","100","",""
"amazon","in","search_results","term","smart watches","true","","2026-01-09 13:39:24 UTC","1","7","product","B0D45BT2S2","https://www.amazon.in/-/bn/dp/B0D45BT2S2/","Bouncefit M I D116 ফিটনেস ব্যান্ড স্মার্ট ওয়াচ পুরুষ, মহিলা, বালক, বালিকা, বাচ্চাদের জন্য - একক টাচ ইন্টারফেস, জল প্রতিরোধী, ওয়ার্কআউট মোড, দ্রুত চার্জ স্পোর্টস স্মার্টওয়াচ - কালো I","","https://m.media-amazon.com/images/I/61kjHG3wqrL._AC_UY654_QL65_.jpg","399.0","399.0","INR","306","100","",""
"amazon","in","search_results","term","smart watches","true","","2026-01-09 13:39:24 UTC","1","8","product","B0D9629NJQ","https://www.amazon.in/-/bn/dp/B0D9629NJQ/","Fastrack Limitless ব্লুটুথ কলিং স্মার্টওয়াচ, জেট ব্ল্যাক, 46.48 মিমি, সীমাহীন গ্লাইড","","https://m.media-amazon.com/images/I/71rNSvzQGlL._AC_UY654_QL65_.jpg","1499.0","1499.0","INR","171","100","",""
"amazon","in","search_results","term","smart watches","true","","2026-01-09 13:39:24 UTC","1","9","product","B0CMF25TKG","https://www.amazon.in/-/bn/dp/B0CMF25TKG/","Fire‑Boltt Rise Smart Watch 1.85″ HD ডিসপ্লে ব্লুটুথ কলিং, AI ভয়েস অ্যাসিস্ট্যান্ট, রোটেটিং ক্রাউন, SpO2 এবং হার্ট রেট মনিটর, 120+ স্পোর্টস মোড, IP67 ওয়াটারপ্রুফ স্মার্ট ওয়াচ পুরুষ ও মহিলাদের জন্য","","https://m.media-amazon.com/images/I/61IGSSfF-JL._AC_UY654_QL65_.jpg","1199.0","1199.0","INR","402","100","",""
"amazon","in","search_results","term","smart watches","true","","2026-01-09 13:39:24 UTC","1","10","product","B0CQLZ7W1N","https://www.amazon.in/-/bn/dp/B0CQLZ7W1N/","GOBOULT Drift+ স্মার্ট ওয়াচ 1.85''HD স্ক্রিন, ব্লুটুথ কলিং, IP68, 500 Nits ব্রাইটনেস, 150+ ওয়াচফেস, AI ভয়েস অ্যাসিস্ট্যান্ট, SpO2 মনিটরিং, 100+ স্পোর্টস মোড স্মার্টওয়াচ (জেট ব্ল্যাক)","","https://m.media-amazon.com/images/I/71Ar4cKZKYL._AC_UY654_QL65_.jpg","999.0","999.0","INR","26","100","",""
"amazon","in","search_results","term","smart watches","true","","2026-01-09 13:39:24 UTC","1","11","product","B0CQRQK8L8","https://www.amazon.in/-/bn/dp/B0CQRQK8L8/","Noise ColorFit Pulse 3 সাথে 1.96"" বৃহত্তম ডিসপ্লে ব্লুটুথ কলিং স্মার্ট ওয়াচ, প্রিমিয়াম বিল্ড, অটো স্পোর্ট সনাক্তকরণ এবং পুরুষ ও মহিলাদের জন্য 170+ Watch Faces স্মার্টওয়াচ - মিডনাইট ব্ল্যাক","","https://m.media-amazon.com/images/I/61DEUVd9PwL._AC_UY654_QL65_.jpg","1199.0","1199.0","INR","56","100","",""
"amazon","in","search_results","term","smart watches","true","","2026-01-09 13:39:24 UTC","1","12","product","B0B6BPTFT5","https://www.amazon.in/-/bn/dp/B0B6BPTFT5/","Noise Pulse 2 Max অ্যাডভান্সড ব্লুটুথ কলিং স্মার্ট ওয়াচ 1.85'' TFT এবং 550 Nits ব্রাইটনেস, স্মার্ট DND, 10 দিনের ব্যাটারি, 100 স্পোর্টস মোড, উৎপাদনশীলতা স্যুট এবং নয়েজ হেলথ স্যুট - (ডিপ ওয়াইন)","","https://m.media-amazon.com/images/I/610BF3kqBZL._AC_UY654_QL65_.jpg","1199.0","1199.0","INR","227","100","",""
"amazon","in","search_results","term","smart watches","true","","2026-01-09 13:39:24 UTC","1","13","product","B0BRKZG8GH","https://www.amazon.in/-/bn/dp/B0BRKZG8GH/","Fire-Boltt Phoenix Pro রাউন্ড স্মার্ট ওয়াচ 1.39″ HD ডিসপ্লে ব্লুটুথ কলিং, AI ভয়েস অ্যাসিস্ট্যান্ট, SpO2 এবং হার্ট রেট মনিটর, 120+ স্পোর্টস মোড, IP67 ওয়াটারপ্রুফ স্মার্টওয়াচ পুরুষ ও মহিলাদের জন্য","","https://m.media-amazon.com/images/I/61643EQDHqL._AC_UY654_QL65_.jpg","1199.0","1199.0","INR","1","100","",""
"amazon","in","search_results","term","smart watches","true","","2026-01-09 13:39:24 UTC","1","14","product","B0DYJKTHYF","https://www.amazon.in/-/bn/dp/B0DYJKTHYF/","Amazfit Bip 6 স্মার্ট ওয়াচ 46mm, 14 দিনের ব্যাটারি, 1.97"" AMOLED ডিসপ্লে, GPS এবং ফ্রি ম্যাপস, AI, ব্লুটুথ কল এবং টেক্সট, স্বাস্থ্য, ফিটনেস এবং স্লিপ ট্র্যাকার, 140+ ওয়ার্কআউট মোড, 5 ATM","","https://m.media-amazon.com/images/I/61UvVTN0IEL._AC_UY654_QL65_.jpg","7999.0","7999.0","INR","36","100","",""
"amazon","in","search_results","term","smart watches","true","","2026-01-09 13:39:24 UTC","1","15","product","B0D26YL3VP","https://www.amazon.in/-/bn/dp/B0D26YL3VP/","Bouncefit M I D116 ফিটনেস ব্যান্ড স্মার্ট ওয়াচ পুরুষ, মহিলা, বালক, বালিকা, বাচ্চাদের জন্য - একক টাচ ইন্টারফেস, জল প্রতিরোধী, ওয়ার্কআউট মোড, দ্রুত চার্জ স্পোর্টস স্মার্টওয়াচ - কালো","","https://m.media-amazon.com/images/I/61Q2aOIpXZL._AC_UY654_QL65_.jpg","398.0","398.0","INR","1","100","",""
"amazon","in","search_results","term","smart watches","true","","2026-01-09 13:39:24 UTC","1","16","product","B0BW4BFBD5","https://www.amazon.in/-/bn/dp/B0BW4BFBD5/","Noise Quad Call 1.81"" ডিসপ্লে, ব্লুটুথ কলিং স্মার্ট ওয়াচ, AI ভয়েস অ্যাসিস্ট্যান্স, 160+ঘন্টা ব্যাটারি লাইফ, মেটালিক বিল্ড, ইন-বিল্ট গেমস, 100 স্পোর্টস মোড, 100+ ওয়াচ ফেসেস (রোজ পিঙ্ক)","","https://m.media-amazon.com/images/I/61XESKwObcL._AC_UY654_QL65_.jpg","1069.0","1069.0","INR","99","100","",""
"amazon","in","search_results","term","smart watches","true","","2026-01-09 13:39:24 UTC","2","17","product","B0BN1ZG1QZ","https://www.amazon.in/-/bn/dp/B0BN1ZG1QZ/","NoiseFit Halo 1.43"" AMOLED ডিসপ্লে, ব্লুটুথ কলিং রাউন্ড ডায়াল স্মার্ট ওয়াচ, প্রিমিয়াম মেটালিক বিল্ড, অলওয়েজ অন ডিসপ্লে, স্মার্ট জেসচার কন্ট্রোল, 100 স্পোর্টস মোড (ভিনটেজ ব্রাউন)","","https://m.media-amazon.com/images/I/71aTghUQfqL._AC_UY654_QL65_.jpg","2999.0","2999.0","INR","98","100","",""
"amazon","in","search_results","term","smart watches","true","","2026-01-09 13:39:24 UTC","2","18","product","B0DFYL4635","https://www.amazon.in/-/bn/dp/B0DFYL4635/","Boat Lunar Discovery w/ 1.39"" (3.5 cm) HD ডিসপ্লে, টার্ন-বাই-টার্ন নেভিগেশন, DIY ওয়াচ ফেস স্টুডিও, ব্লুটুথ কলিং, ইমার্জেন্সি SOS, QR ট্রে, পুরুষ ও মহিলাদের জন্য স্মার্ট ওয়াচ (অ্যাক্টিভ ব্ল্যাক)","","https://m.media-amazon.com/images/I/71Iit7U1S+L._AC_UY654_QL65_.jpg","1499.0","1499.0","INR","26","100","",""
"amazon","in","search_results","term","smart watches","true","","2026-01-09 13:39:24 UTC","2","19","product","B0D4ZFTLPX","https://www.amazon.in/-/bn/dp/B0D4ZFTLPX/","Noise ColorFit Pulse 3 সাথে 1.96"" বৃহত্তম ডিসপ্লে ব্লুটুথ কলিং স্মার্ট ওয়াচ, প্রিমিয়াম বিল্ড, অটো স্পোর্ট সনাক্তকরণ এবং 170+ ওয়াচ ফেসেস স্মার্টওয়াচ পুরুষ ও মহিলাদের জন্য (মোচা ব্রাউন)","","https://m.media-amazon.com/images/I/61aWmr2upoL._AC_UY654_QL65_.jpg","1199.0","1199.0","INR","56","100","",""
"amazon","in","search_results","term","smart watches","true","","2026-01-09 13:39:24 UTC","2","20","product","B0DKBZYXZY","https://www.amazon.in/-/bn/dp/B0DKBZYXZY/","Fire-Boltt Ninja Call Pro Max Ultra Smart Watch 2.01″ ব্লুটুথ কলিং, AI ভয়েস অ্যাসিস্ট্যান্ট, SpO2 এবং হার্ট রেট মনিটর, 120+ স্পোর্টস মোড, IP67 ওয়াটারপ্রুফ মেটাল স্মার্ট ওয়াচ পুরুষ ও মহিলাদের জন্য","","https://m.media-amazon.com/images/I/71e3LEJuG4L._AC_UY654_QL65_.jpg","1099.0","1099.0","INR","12","100","",""
"amazon","in","search_results","term","smart watches","true","","2026-01-09 13:39:24 UTC","2","21","product","B0FP2H4K27","https://www.amazon.in/-/bn/dp/B0FP2H4K27/","Fire-Boltt Axiom Round Smart Watch 1.43″ সুপার AMOLED ডিসপ্লে সাথে সর্বদা-অন মোড, ব্লুটুথ কলিং, রোটেটিং ক্রাউন, SPO₂ এবং হার্ট রেট মনিটর, IP67 ওয়াটারপ্রুফ সিলিকন স্মার্টওয়াচ পুরুষদের জন্য - সাদা","","https://m.media-amazon.com/images/I/71gdP7CfeiL._AC_UY654_QL65_.jpg","1999.0","1999.0","INR","1","100","",""
"amazon","in","search_results","term","smart watches","true","","2026-01-09 13:39:24 UTC","2","22","product","B0F8JF1R8X","https://www.amazon.in/-/bn/dp/B0F8JF1R8X/","Noise Twist 2 স্মার্ট ওয়াচ সাথে 1.43"" AMOLED স্ক্রিন, AI সার্চ অ্যান্ড ভয়েস অ্যাসিস্ট্যান্ট, ব্লুটুথ কলিং, স্টেইনলেস স্টিল ব্যাক, 7-দিনের ব্যাটারি, 100+ ওয়াচ ফেস, হেলথ স্যুট, IP68 (জেট ব্ল্যাক)","","https://m.media-amazon.com/images/I/61r0qYy7jZL._AC_UY654_QL65_.jpg","2499.0","2499.0","INR","73","100","",""
"amazon","in","search_results","term","smart watches","true","","2026-01-09 13:39:24 UTC","2","23","product","B0DM5JDVCC","https://www.amazon.in/-/bn/dp/B0DM5JDVCC/","GOBOULT ট্রেইল স্মার্ট ওয়াচ 2.01'' 3D কার্ভড HD ডিসপ্লে, BT কলিং, ওয়ার্কিং ক্রাউন, 190+ওয়াচফেস, 500 Nits ব্রাইটনেস, AI ভয়েস অ্যাসিস্ট্যান্ট, SpO2 মনিটরিং, 120+ স্পোর্টস (মেটাল ব্ল্যাক)","","https://m.media-amazon.com/images/I/71+Em5KJCcL._AC_UY654_QL65_.jpg","1299.0","1299.0","INR","12","100","",""
"amazon","in","search_results","term","smart watches","true","","2026-01-09 13:39:24 UTC","2","24","product","B0D6GK2871","https://www.amazon.in/-/bn/dp/B0D6GK2871/","Noise Pulse 4 Max Smart Watch with AI Create (ভারতের 1st Ever with Unlimited Watch Face সহ), AI অনুসন্ধান, 1.96"" AMOLED ডিসপ্লে, ফাংশনাল ক্রাউন, প্রিমিয়াম মেটালিক ফিনিশ, হেলথ স্যুট (জেট ব্ল্যাক)","","https://m.media-amazon.com/images/I/61Iw0g8zYYL._AC_UY654_QL65_.jpg","2499.0","2499.0","INR","847","100","",""
"amazon","in","search_results","term","smart watches","true","","2026-01-09 13:39:24 UTC","2","25","product","B0CVQDZWVX","https://www.amazon.in/-/bn/dp/B0CVQDZWVX/","OnePlus Watch 2 সাথে Wear OS 4, Snapdragon W5 চিপসেট, 100 ঘন্টা পর্যন্ত ব্যাটারি লাইফ, 1.43'' AMOLED ডিসপ্লে, স্টেইনলেস স্টিল এবং স্যাফায়ার ক্রিস্টাল বিল্ড, ডুয়াল ফ্রিকোয়েন্সি GPS, 5 ATM, IP68 এবং","","https://m.media-amazon.com/images/I/718YrDupr0L._AC_UY654_QL65_.jpg","14999.0","14999.0","INR","625","100","",""
"amazon","in","search_results","term","smart watches","true","","2026-01-09 13:39:24 UTC","2","26","product","B0F5HTCGRG","https://www.amazon.in/-/bn/dp/B0F5HTCGRG/","Fastrack UltraVU HD ডিসপ্লে ব্লুটুথ কলিং স্মার্টওয়াচ, গ্রে::সাদা::কালো, সীমাহীন বীরত্ব","","https://m.media-amazon.com/images/I/71Wh4vhuEzL._AC_UY654_QL65_.jpg","1999.0","1999.0","INR","44","100","",""
"amazon","in","search_results","term","smart watches","true","","2026-01-09 13:39:24 UTC","2","27","product","B0D2KGZZ4R","https://www.amazon.in/-/bn/dp/B0D2KGZZ4R/","Fire-Boltt Brillia Smart Watch 2.02″ সুপার AMOLED ডিসপ্লে ব্লুটুথ কলিং, ভয়েস অ্যাসিস্ট্যান্ট, SpO2 এবং হার্ট রেট মনিটর, 120+ স্পোর্টস মোড, IP67 ওয়াটারপ্রুফ স্মার্টওয়াচ পুরুষ ও মহিলাদের জন্য","","https://m.media-amazon.com/images/I/71XVWk+fcVL._AC_UY654_QL65_.jpg","1799.0","1799.0","INR","284","100","",""
"amazon","in","search_results","term","smart watches","true","","2026-01-09 13:39:24 UTC","2","28","product","B0CFYNB5NF","https://www.amazon.in/-/bn/dp/B0CFYNB5NF/","Noise Colorfit Pro 5 স্মার্ট ওয়াচ 1.85"" AMOLED ডিসপ্লে, BT কলিং, নতুন DIY ওয়াচ ফেস, স্মার্ট ডক ডিজাইন, জরুরী SOS প্রযুক্তি, ইমোজি সাপোর্ট, 5X দ্রুত ডেটা স্থানান্তর, Instacharge?? (স্টারলাইট গোল্ড)","","https://m.media-amazon.com/images/I/618sHIqH+VL._AC_UY654_QL65_.jpg","2999.0","2999.0","INR","124","100","",""
"amazon","in","search_results","term","smart watches","true","","2026-01-09 13:39:24 UTC","2","29","product","B0DKFT7RCN","https://www.amazon.in/-/bn/dp/B0DKFT7RCN/","Samsung Galaxy Watch 7 (44mm, Green, BT+LTE) 3nm প্রসেসর সহ | ডুয়াল GPS | স্যাফায়ার গ্লাস এবং আর্মার অ্যালুমিনিয়াম | 5ATM এবং IP68 | HR, SpO2, BP ও ECG মনিটর","","https://m.media-amazon.com/images/I/71QUv8DcRBL._AC_UY654_QL65_.jpg","18790.0","18790.0","INR","110","100","",""
"amazon","in","search_results","term","smart watches","true","","2026-01-09 13:39:24 UTC","2","30","product","B0FLF5KFQ8","https://www.amazon.in/-/bn/dp/B0FLF5KFQ8/","Boat Wave Call 3 স্মার্টওয়াচ 1.83"" HD ডিসপ্লে অ্যানিমেটেড ওয়াচ ফেস সহ; BT কলিং, ফাংশনাল ক্রাউন, একাধিক স্পোর্টস মোড, IP68, HR, SpO2 মনিটর, পুরুষ ও মহিলাদের জন্য স্মার্ট ঘড়ি (টিম্বার ব্রাউন)","","https://m.media-amazon.com/images/I/71HwtfJ3c6L._AC_UY654_QL65_.jpg","1399.0","1399.0","INR","252","100","",""
"amazon","in","search_results","term","smart watches","true","","2026-01-09 13:39:24 UTC","2","31","product","B0F8GP4FL1","https://www.amazon.in/-/bn/dp/B0F8GP4FL1/","CrossBeats Everest 2.0 2025 স্মার্ট ওয়াচ পুরুষদের জন্য 1.43"" ট্রু AMOLED, সর্বদা চালু ডিসপ্লে ব্লুটুথ কলিং রাগড আউটডোর ফ্ল্যাশ লাইট সহ 15 দিন পর্যন্ত ব্যাটারি লাইফ স্মার্টওয়াচ 100+ স্পোর্টস মোড","","https://m.media-amazon.com/images/I/71S8pzCYTlL._AC_UY654_QL65_.jpg","3499.0","3499.0","INR","21","100","",""
"amazon","in","search_results","term","smart watches","true","","2026-01-09 13:39:24 UTC","2","32","product","B0CTCLBST5","https://www.amazon.in/-/bn/dp/B0CTCLBST5/","Samsung Galaxy Fit3 হালকা এবং স্লিক ফিটনেস ব্যান্ড, 13 দিনের ব্যাটারি, 100+ অনুশীলন এবং স্লিপ ট্র্যাকিং, ডার্ক গ্রে (কালো)","","https://m.media-amazon.com/images/I/5163cMsZUsL._AC_UY654_QL65_.jpg","4379.0","4379.0","INR","23","100","",""
"amazon","in","search_results","term","smart watches","true","","2026-01-09 13:39:24 UTC","3","33","product","B0F8GP4FL1","https://www.amazon.in/-/bn/dp/B0F8GP4FL1/","CrossBeats Everest 2.0 2025 স্মার্ট ওয়াচ পুরুষদের জন্য 1.43"" ট্রু AMOLED, সর্বদা চালু ডিসপ্লে ব্লুটুথ কলিং রাগড আউটডোর ফ্ল্যাশ লাইট সহ 15 দিন পর্যন্ত ব্যাটারি লাইফ স্মার্টওয়াচ 100+ স্পোর্টস মোড","","https://m.media-amazon.com/images/I/71S8pzCYTlL._AC_UY654_QL65_.jpg","3499.0","3499.0","INR","21","100","",""
"amazon","in","search_results","term","smart watches","true","","2026-01-09 13:39:24 UTC","3","34","product","B0FLF5KFQ8","https://www.amazon.in/-/bn/dp/B0FLF5KFQ8/","Boat Wave Call 3 স্মার্টওয়াচ 1.83"" HD ডিসপ্লে অ্যানিমেটেড ওয়াচ ফেস সহ; BT কলিং, ফাংশনাল ক্রাউন, একাধিক স্পোর্টস মোড, IP68, HR, SpO2 মনিটর, পুরুষ ও মহিলাদের জন্য স্মার্ট ঘড়ি (টিম্বার ব্রাউন)","","https://m.media-amazon.com/images/I/71HwtfJ3c6L._AC_UY654_QL65_.jpg","1399.0","1399.0","INR","252","100","",""
"amazon","in","search_results","term","smart watches","true","","2026-01-09 13:39:24 UTC","3","35","product","B0BY2QJJ8J","https://www.amazon.in/-/bn/dp/B0BY2QJJ8J/","Fire-Boltt টক রাউন্ড স্মার্ট ওয়াচ 1.39″ TFT ডিসপ্লে ব্লুটুথ কলিং, ডুয়াল বোতাম, ভয়েস অ্যাসিস্ট্যান্স, SPO₂ এবং হার্ট রেট মনিটর, 120+ স্পোর্টস মোড, পুরুষ ও মহিলাদের জন্য স্মার্টওয়াচ সহ - কালো","","https://m.media-amazon.com/images/I/61Vk-Npjs-L._AC_UY654_QL65_.jpg","1199.0","1199.0","INR","589","100","",""
"amazon","in","search_results","term","smart watches","true","","2026-01-09 13:39:24 UTC","3","36","product","B0D963J6GN","https://www.amazon.in/-/bn/dp/B0D963J6GN/","Fastrack Limitless ব্লুটুথ কলিং স্মার্টওয়াচ, নেভি ব্লু, 46.48 মিমি, সীমাহীন গ্লাইড","","https://m.media-amazon.com/images/I/81Dk8SDkmRL._AC_UY654_QL65_.jpg","1499.0","1499.0","INR","215","100","",""
"amazon","in","search_results","term","smart watches","true","","2026-01-09 13:39:24 UTC","3","37","product","B0DGJ61XV7","https://www.amazon.in/-/bn/dp/B0DGJ61XV7/","Apple Watch SE (2nd Gen, 2023) [GPS 44mm] ইঙ্ক স্পোর্ট লুপ সহ মিডনাইট অ্যালুমিনিয়াম কেস সহ স্মার্টওয়াচ। ফিটনেস এবং স্লিপ ট্র্যাকার, ক্র্যাশ ডিটেকশন, হার্ট রেট মনিটর, রেটিনা ডিসপ্লে","","https://m.media-amazon.com/images/I/81qLjHhA8oL._AC_UY654_QL65_.jpg","27900.0","27900.0","INR","317","100","",""
"amazon","in","search_results","term","smart watches","true","","2026-01-09 13:39:24 UTC","3","38","product","B0DNW6WRDZ","https://www.amazon.in/-/bn/dp/B0DNW6WRDZ/","MARVIK স্মার্ট ওয়াচ বাচ্চা, পুরুষ, ছেলে, বালিকা এবং মহিলাদের জন্য, ID116 Plus 2024, Android এবং iOS ফোনের জন্য সর্বশেষতম, দৈনিক অ্যাক্টিভিটি ট্র্যাকারের সাথে IP68 জলরোধী, হার্ট রেট সেন্সর, স্লিপ","","https://m.media-amazon.com/images/I/61Famx7xQwL._AC_UY654_QL65_.jpg","399.0","399.0","INR","219","100","",""
"amazon","in","search_results","term","smart watches","true","","2026-01-09 13:39:24 UTC","3","39","product","B0CF1NTL6M","https://www.amazon.in/-/bn/dp/B0CF1NTL6M/","boAt Lunar Vista w/Large 1.52inch (3.8 cm) HD সর্বদা অন ডিসপ্লে,550 Nits ব্রাইটনেস, ফাংশনাল ক্রাউন,100+ স্পোর্টস মোড, হার্ট রেট এবং Sp02 মনিটরিং, পুরুষ ও মহিলাদের জন্য ফিটনেস স্মার্ট ওয়াচ (কালো)","","https://m.media-amazon.com/images/I/71qXnQw5xyL._AC_UY654_QL65_.jpg","1599.0","1599.0","INR","71","100","",""
"amazon","in","search_results","term","smart watches","true","","2026-01-09 13:39:24 UTC","3","40","product","B0DKFT2J9C","https://www.amazon.in/-/bn/dp/B0DKFT2J9C/","Samsung Galaxy Watch 7 (44mm, Silver, BT+LTE) 3nm প্রসেসর সহ | ডুয়াল GPS | স্যাফায়ার গ্লাস এবং আর্মার অ্যালুমিনিয়াম | 5ATM এবং IP68 | HR, SpO2, BP ও ECG মনিটর","","https://m.media-amazon.com/images/I/71d7quY-KxL._AC_UY654_QL65_.jpg","24999.0","24999.0","INR","75","100","",""
"amazon","in","search_results","term","smart watches","true","","2026-01-09 13:39:24 UTC","3","41","product","B0G3Q2MJQL","https://www.amazon.in/-/bn/dp/B0G3Q2MJQL/","GOBOULT সদ্য চালু হওয়া আলোরা স্মার্ট ওয়াচ 1.19'' AMOLED ডিসপ্লে, BT কলিং, রোটেটিং বেজেল, 150+ ওয়াচফেস, 800 Nits ব্রাইটনেস, AI ভয়েস অ্যাসিস্ট্যান্ট, SpO2 মনিটরিং, 120+ স্পোর্টস মোড (রেড ওয়াইন)","","https://m.media-amazon.com/images/I/81enZN-UewL._AC_UY654_QL65_.jpg","2999.0","2999.0","INR","23","100","",""
"amazon","in","search_results","term","smart watches","true","","2026-01-09 13:39:24 UTC","3","42","product","B0C1N1KXHH","https://www.amazon.in/-/bn/dp/B0C1N1KXHH/","Fastrack Limitless ব্লুটুথ কলিং স্মার্টওয়াচ, রয়্যাল ব্লু, 1.95"", সীমাহীন FS1","","https://m.media-amazon.com/images/I/71wRh+9yqrL._AC_UY654_QL65_.jpg","1999.0","1999.0","INR","171","100","",""
"amazon","in","search_results","term","smart watches","true","","2026-01-09 13:39:24 UTC","3","43","product","B0CVWZNBYW","https://www.amazon.in/-/bn/dp/B0CVWZNBYW/","boAt Wave Sigma 3 w/Turn-by-Turn ন্যাভিগেশন, 2.01"" HD ডিসপ্লে, ব্লুটুথ কলিং, Crest+ OS, QR ট্রে, ওয়াচ ফেস স্টুডিও, কয়েন, পুরুষ ও মহিলাদের জন্য জরুরী SOS স্মার্ট ওয়াচ (রাস্টিক রোজ)","","https://m.media-amazon.com/images/I/71XeKHAtrUL._AC_UY654_QL65_.jpg","1144.0","1144.0","INR","45","100","",""
"amazon","in","search_results","term","smart watches","true","","2026-01-09 13:39:24 UTC","3","44","product","B0FJ7D2KBQ","https://www.amazon.in/-/bn/dp/B0FJ7D2KBQ/","Bouncefit D20 Y68 ফিটনেস ব্যান্ড স্মার্ট ওয়াচ পুরুষ, মহিলা, বালক, বালিকা, বাচ্চাদের জন্য - একক টাচ ইন্টারফেস, জল প্রতিরোধী, ওয়ার্কআউট মোড, কুইক চার্জ স্পোর্টস স্মার্টওয়াচ - জেট ব্ল্যাক (FF)","","https://m.media-amazon.com/images/I/61Pn9dl24yL._AC_UY654_QL65_.jpg","398.0","398.0","INR","102","100","",""
"amazon","in","search_results","term","smart watches","true","","2026-01-09 13:39:24 UTC","3","45","product","B0DCZ9PRCP","https://www.amazon.in/-/bn/dp/B0DCZ9PRCP/","Amazfit T-Rex 3 আউটডোর রাগড মিলিটারি 48mm স্মার্ট ওয়াচ, বিল্ট ইন GPS, 27 দিনের ব্যাটারি লাইফ, অফলাইন মানচিত্র, 2000 Nits ব্রাইটনেস, 10 ATM জল প্রতিরোধের, AI কোচ, iOS এবং Android এর জন্য (অনিক্স)","","https://m.media-amazon.com/images/I/71GtgMbKvKL._AC_UY654_QL65_.jpg","19999.0","19999.0","INR","17","100","",""
"amazon","in","search_results","term","smart watches","true","","2026-01-09 13:39:24 UTC","3","46","product","B0CG1Y3336","https://www.amazon.in/-/bn/dp/B0CG1Y3336/","Noise Vortex Plus 1.46 AMOLED ডিসপ্লে, AoD, BT কলিং, স্লিক মেটাল ফিনিশ, 7 দিনের ব্যাটারি লাইফ, 100+ ওয়াচ ফেসেস এবং হেলথ স্যুট (কালো) সহ সমস্ত নতুন OS","","https://m.media-amazon.com/images/I/61QiBo-sPTL._AC_UY654_QL65_.jpg","2199.0","2199.0","INR","556","100","",""
"amazon","in","search_results","term","smart watches","true","","2026-01-09 13:39:24 UTC","3","47","product","B0FLYHGXVJ","https://www.amazon.in/-/bn/dp/B0FLYHGXVJ/","Fastrack Radiant FX4 AMOLED মেটাল স্মার্ট ওয়াচ সিঙ্গেল সিঙ্ক BT কলিং সহ, লিফি সেজ, MYND","","https://m.media-amazon.com/images/I/71YQroz4LDL._AC_UY654_QL65_.jpg","3999.0","3999.0","INR","826","100","",""
"amazon","in","search_results","term","smart watches","true","","2026-01-09 13:39:24 UTC","3","48","product","B0FNCQ7MLT","https://www.amazon.in/-/bn/dp/B0FNCQ7MLT/","Noise Pro 6R 1.46"" AMOLED স্মার্ট ওয়াচ, 1000 NITS, AI Pro দ্বারা চালিত, বিল্ট-ইন GPS, Strava ইন্টিগ্রেশন, স্টেইনলেস স্টিল ডায়াল, ভিডিও ওয়াচ ফেস, 3ATM, জরুরী SOS, TWS সংযোগ-ক্রোম ব্ল্যাক","","https://m.media-amazon.com/images/I/71PcN58hiRL._AC_UY654_QL65_.jpg","7999.0","7999.0","INR","3","100","",""
"amazon","in","search_results","term","smart watches","true","","2026-01-09 13:39:24 UTC","4","49","product","B0CDPD51YY","https://www.amazon.in/-/bn/dp/B0CDPD51YY/","Acnos Luminous LED ডিসপ্লে ফ্যাশনেবল বাচ্চাদের ডিজিটাল ঘড়ি - ওয়াটারপ্রুফ স্পোর্টস স্কয়ার ইলেক্ট্রনিক LED ঘড়ি ছেলে এবং মেয়েদের জন্য","","https://m.media-amazon.com/images/I/71p0rvXWCiL._AC_UY654_QL65_.jpg","280.0","280.0","INR","33","100","",""
"amazon","in","search_results","term","smart watches","true","","2026-01-09 13:39:24 UTC","4","50","product","B0BVR8CGJW","https://www.amazon.in/-/bn/dp/B0BVR8CGJW/","Noise ColorFit Ultra 3 ব্লুটুথ কলিং স্মার্ট ওয়াচ সাথে বৃহত্তম 1.96"" AMOLED ডিসপ্লে, প্রিমিয়াম মেটালিক বিল্ড, ফাংশনাল ক্রাউন, সিলিকন স্ট্র্যাপ সহ জেসচার কন্ট্রোল (টিল ব্লু)","","https://m.media-amazon.com/images/I/71+-rwXfrCL._AC_UY654_QL65_.jpg","1799.0","1799.0","INR","192","100","",""
"amazon","in","search_results","term","smart watches","true","","2026-01-09 13:39:24 UTC","4","51","product","B0FLQ4QB8C","https://www.amazon.in/-/bn/dp/B0FLQ4QB8C/","HAMMER আল্ট্রা ক্লাসিক 2.01"" সর্বদা প্রদর্শন, ব্লুটুথ কলিং স্মার্ট ওয়াচ, ওয়্যারলেস চার্জিং, 1 এক্সট্রা স্টার্প, জেগে উঠুন, ইন-বিল্ট গেমস, ব্রাইটনেস অ্যাডজাস্টমেন্ট, BP, SpO2, HR মনিটরিং","","https://m.media-amazon.com/images/I/71Z97VjXO4L._AC_UY654_QL65_.jpg","1399.0","1399.0","INR","49","100","",""
"amazon","in","search_results","term","smart watches","true","","2026-01-09 13:39:24 UTC","4","52","product","B0FN4C6NPR","https://www.amazon.in/-/bn/dp/B0FN4C6NPR/","MARVIK M I D116 ফিটনেস ব্যান্ড স্মার্ট ওয়াচ পুরুষ, মহিলা, বালক, বালিকা, বাচ্চাদের, সিঙ্গেল টাচ ইন্টারফেস, IP68 ওয়াটারপ্রুফ সাথে ডেইলি অ্যাক্টিভিটি ট্র্যাকার, হার্ট রেট সেন্সর, অ্যান্ড্রয়েড এবং iOS","","https://m.media-amazon.com/images/I/51Q74o0dcYL._AC_UY654_QL65_.jpg","349.0","349.0","INR","75","100","",""
"amazon","in","search_results","term","smart watches","true","","2026-01-09 13:39:24 UTC","4","53","product","B0D1M7SFVD","https://www.amazon.in/-/bn/dp/B0D1M7SFVD/","GameSir Q18 বাচ্চাদের স্মার্ট ওয়াচ 1.44"" TFT ডিসপ্লে 3G / 4G সিম সাপোর্ট, লার্নিং এবং গেমিং অ্যাপস, গিফট ওয়াচ, ওয়াটারপ্রুফ, LBS ট্র্যাকিং/GPS, 2 ওয়ে কলিং স্মার্ট ওয়াচ ছেলে এবং মেয়েদের জন্য (কালো","","https://m.media-amazon.com/images/I/71bgNWjCEML._AC_UY654_QL65_.jpg","1339.0","1339.0","INR","190","100","",""
"amazon","in","search_results","term","smart watches","true","","2026-01-09 13:39:24 UTC","4","54","product","B09HHDFWL3","https://www.amazon.in/-/bn/dp/B09HHDFWL3/","GOQii স্মার্ট ভাইটাল লাইট SpO2 1.4"" HD ফুল টাচ, অ্যান্ড্রয়েড ফোন, রক্তের অক্সিজেন, ফিটনেস, খেলাধুলা এবং স্লিপ ট্র্যাকিংয়ের জন্য 3 মাসের ব্যক্তিগত স্বাস্থ্য কোচিং সহ স্মার্ট নোটিফিকেশন ওয়াটারপ্রুফ","","https://m.media-amazon.com/images/I/6171hDoxDbL._AC_UY654_QL65_.jpg","770.69","770.69","INR","18","100","",""
"amazon","in","search_results","term","smart watches","true","","2026-01-09 13:39:24 UTC","4","55","product","B0F995DT77","https://www.amazon.in/-/bn/dp/B0F995DT77/","Fire-Boltt Legacy Luxury Round Smart Watch 1.43″ সুপার AMOLED, ব্লুটুথ কলিং, ওয়্যারলেস চার্জিং, ভয়েস অ্যাসিস্ট্যান্ট, SpO₂ এবং হার্ট রেট মনিটর, 110+ স্পোর্টস মোড, পুরুষ এবং মহিলাদের জন্য মেটাল","","https://m.media-amazon.com/images/I/61seEuZSdfL._AC_UY654_QL65_.jpg","1799.0","1799.0","INR","13","100","",""
"amazon","in","search_results","term","smart watches","true","","2026-01-09 13:39:24 UTC","4","56","product","B0DQCSGN1H","https://www.amazon.in/-/bn/dp/B0DQCSGN1H/","Noise Endeavour 2 রাগড স্মার্ট ওয়াচ - 1.46 ″ AMOLED ডিসপ্লে, বিল্ট-ইন GPS, ABC সেন্সর, 7-দিন পর্যন্ত ব্যাটারি, 5ATM জল প্রতিরোধক, AI, স্ট্রাভা ইন্টিগ্রেশন, iOS এবং Android এর জন্য (জেট ব্ল্যাক)","","https://m.media-amazon.com/images/I/61aSfYBR3YL._AC_UY654_QL65_.jpg","5999.0","5999.0","INR","36","100","",""
"amazon","in","search_results","term","smart watches","true","","2026-01-09 13:39:24 UTC","4","57","product","B0DZ2PDXLS","https://www.amazon.in/-/bn/dp/B0DZ2PDXLS/","boAt New Launch Storm Infinity w/15 দিনের বিস্তৃত ব্যাটারি বিপুল 550mAh ব্যাটারি, দ্রুত চার্জ, 1.83""(4.65cm) HD ডিসপ্লে, ফাংশনাল ক্রাউন, BT কলিং, পুরুষ এবং মহিলাদের জন্য স্মার্ট ওয়াচ (অ্যাক্টিভ","","https://m.media-amazon.com/images/I/71FFa3U4SzL._AC_UY654_QL65_.jpg","1399.0","1399.0","INR","18","100","",""
"amazon","in","search_results","term","smart watches","true","","2026-01-09 13:39:24 UTC","4","58","product","B0FB8WCZKR","https://www.amazon.in/-/bn/dp/B0FB8WCZKR/","GOBOULT সদ্য চালু হওয়া ক্রাউন R Pro স্মার্ট ওয়াচ 1.43''HD AMOLED, ওয়ার্কিং ক্রাউন, জিঙ্ক অ্যালয় ফ্রেম, 600Nits ব্রাইটনেস, AI ভয়েস অ্যাসিস্ট্যান্ট, SpO2 মনিটরিং, 120+ স্পোর্টস মোড (ধাতব কালো)","","https://m.media-amazon.com/images/I/51fxJmzXSSL._AC_UY654_QL65_.jpg","1999.0","1999.0","INR","595","100","",""
"amazon","in","search_results","term","smart watches","true","","2026-01-09 13:39:24 UTC","4","59","product","B0DSFQ1DGN","https://www.amazon.in/-/bn/dp/B0DSFQ1DGN/","boAt New Launch Ultima Prime স্মার্টওয়াচ 1.43"" AMOLED ডিসপ্লে, ব্যক্তিগতকৃত ফিটনেস নাজস, ফাংশনাল ক্রাউন, 100+ স্পোর্টস মোড, ওয়াচ ফেস স্টুডিও (স্টিল ব্ল্যাক) সহ","","https://m.media-amazon.com/images/I/71TMfASPqoL._AC_UY654_QL65_.jpg","2499.0","2499.0","INR","25","100","",""
"amazon","in","search_results","term","smart watches","true","","2026-01-09 13:39:24 UTC","4","60","product","B0FZTT135B","https://www.amazon.in/-/bn/dp/B0FZTT135B/","Titan AiRA 1.70"" AMOLED মেটাল কেস স্কয়ার ডিসপ্লে স্মার্ট ওয়াচ সিলিকন স্ট্র্যাপ স্ট্রেস মনিটরিং সহ, 1000 Nits, ফাংশনাল ক্রাউন, AI সক্ষম, IP68 জল প্রতিরোধী 7 দিন পর্যন্ত ব্যাটারি লাইফ- গোলাপী","","https://m.media-amazon.com/images/I/71mRgQUvRpL._AC_UY654_QL65_.jpg","6999.0","6999.0","INR","1","100","",""
"amazon","in","search_results","term","smart watches","true","","2026-01-09 13:39:24 UTC","4","61","product","B0G4QHBMHS","https://www.amazon.in/-/bn/dp/B0G4QHBMHS/","M I D116 ফিটনেস ব্যান্ড স্মার্ট ওয়াচ পুরুষ, মহিলা, ছেলে, বালিকা, বাচ্চাদের, সিঙ্গেল টাচ ইন্টারফেস, IP68 ওয়াটারপ্রুফ সাথে ডেইলি অ্যাক্টিভিটি ট্র্যাকার, হার্ট রেট সেন্সর, ওয়াচ অ্যান্ড্রয়েড এবং iOS","","https://m.media-amazon.com/images/I/51Q74o0dcYL._AC_UY654_QL65_.jpg","399.0","399.0","INR","12","100","",""
"amazon","in","search_results","term","smart watches","true","","2026-01-09 13:39:24 UTC","4","62","product","B0FB8VWH63","https://www.amazon.in/-/bn/dp/B0FB8VWH63/","GOBOULT সদ্য চালু হওয়া ডিয়ার স্মার্টওয়াচ 1.38'' 2.5D কার্ভড HD ডিসপ্লে, 500 Nits ব্রাইটনেস, IP67, 250+ ওয়াচফেস, 120+ স্পোর্টস মোড, AI ভয়েস অ্যাসিস্ট্যান্ট, SpO2 মনিটরিং (মেটাল ব্ল্যাক)","","https://m.media-amazon.com/images/I/71TfOAa-zxL._AC_UY654_QL65_.jpg","1399.0","1399.0","INR","310","100","",""
"amazon","in","search_results","term","smart watches","true","","2026-01-09 13:39:24 UTC","4","63","product","B0DM5S9ZW4","https://www.amazon.in/-/bn/dp/B0DM5S9ZW4/","GOBOULT মিরাজ স্মার্ট ওয়াচ 1.39''HD স্ক্রিন, ব্লুটুথ কলিং, IP67, জিঙ্ক অ্যালয় ফ্রেম, 500 Nits ব্রাইটনেস, AI ভয়েস অ্যাসিস্ট্যান্ট, SpO2 মনিটরিং, 120+ স্পোর্টস মোড (INOX স্টিল)","","https://m.media-amazon.com/images/I/81O7tqis72L._AC_UY654_QL65_.jpg","1799.0","1799.0","INR","862","100","",""
"amazon","in","search_results","term","smart watches","true","","2026-01-09 13:39:24 UTC","4","64","product","B0DFYNSKM8","https://www.amazon.in/-/bn/dp/B0DFYNSKM8/","Titan Evolution স্মার্ট ওয়াচ, 1.85"" AMOLED ডিসপ্লে, 390 * 450 পিক্সেল রেজোলিউশন, SingleSync BT কলিং, AI ভয়েস অ্যাসিস্ট্যান্ট, 100+ স্পোর্টস মোড এবং স্মার্টওয়াচ ফেস, 7 দিন পর্যন্ত ব্যাটারি, IP68","","https://m.media-amazon.com/images/I/71x6aVRvVwL._AC_UY654_QL65_.jpg","6999.0","6999.0","INR","51","100","",""
"amazon","in","search_results","term","smart watches","true","","2026-01-09 13:39:24 UTC","5","65","product","B0DFYNSKM8","https://www.amazon.in/-/bn/dp/B0DFYNSKM8/","Titan Evolution স্মার্ট ওয়াচ, 1.85"" AMOLED ডিসপ্লে, 390 * 450 পিক্সেল রেজোলিউশন, SingleSync BT কলিং, AI ভয়েস অ্যাসিস্ট্যান্ট, 100+ স্পোর্টস মোড এবং স্মার্টওয়াচ ফেস, 7 দিন পর্যন্ত ব্যাটারি, IP68","","https://m.media-amazon.com/images/I/71x6aVRvVwL._AC_UY654_QL65_.jpg","6999.0","6999.0","INR","51","100","",""
"amazon","in","search_results","term","smart watches","true","","2026-01-09 13:39:24 UTC","5","66","product","B0D7W7DDFT","https://www.amazon.in/-/bn/dp/B0D7W7DDFT/","PunnkFunnk H9 স্মার্ট ওয়াচ 2.01"" TFT ডিসপ্লে, ব্লুটুথ 5.0 100+ স্পোর্টস মোড, হার্ট রেট এবং রক্তের অক্সিজেন মনিটর, কল এবং মেসেজ রিমাইন্ডারগুলি Android এবং iOS এর সাথে সামঞ্জস্যপূর্ণ, IP67","","https://m.media-amazon.com/images/I/61uEc2h8PpL._AC_UY654_QL65_.jpg","1299.0","1299.0","INR","184","100","",""
"amazon","in","search_results","term","smart watches","true","","2026-01-09 13:39:24 UTC","5","67","product","B0F493G266","https://www.amazon.in/-/bn/dp/B0F493G266/","boAt ক্রোম হরাইজন, ভিডিও ওয়াচ ফেস, 1.51"" AMOLED ডিসপ্লে, HRV এবং VO2 ম্যাক্স, অটো-অ্যাক্টিভিটি ডিটেকশন, ASAP চার্জ, অ্যাডভান্সড ব্লুটুথ কলিং, IP68, হার্ট রেট এবং SpO2 মনিটর স্মার্ট ওয়াচ (স্টিল","","https://m.media-amazon.com/images/I/61JnNRELoOL._AC_UY654_QL65_.jpg","3599.0","3599.0","INR","386","100","",""
"amazon","in","search_results","term","smart watches","true","","2026-01-09 13:39:24 UTC","5","68","product","B0DH2SRQ3L","https://www.amazon.in/-/bn/dp/B0DH2SRQ3L/","Redmi Watch 5 Lite, 1.96"" অ্যামোলেড, অ্যাডভান্সড ইন-বিল্ট GPS, 5 ATM, 18 দিনের ব্যাটারি, AI নয়েজ রিডাকশন সহ ব্লুটুথ কলিং, সর্বদা প্রদর্শন, হালকা সোনালী","","https://m.media-amazon.com/images/I/71bChOpLuNL._AC_UY654_QL65_.jpg","3499.0","3499.0","INR","13","100","",""
"amazon","in","search_results","term","smart watches","true","","2026-01-09 13:39:24 UTC","5","69","product","B0FF9Y5JB6","https://www.amazon.in/-/bn/dp/B0FF9Y5JB6/","Bouncefit M I D116 ফিটনেস ব্যান্ড স্মার্ট ওয়াচ পুরুষ, মহিলা, বালক, বালিকা, বাচ্চাদের জন্য - একক টাচ ইন্টারফেস, জল প্রতিরোধী, ওয়ার্কআউট মোড, দ্রুত চার্জ স্পোর্টস স্মার্টওয়াচ - সাদা (BB)","","https://m.media-amazon.com/images/I/51Hk9WQBUqL._AC_UY654_QL65_.jpg","398.0","398.0","INR","213","100","",""
"amazon","in","search_results","term","smart watches","true","","2026-01-09 13:39:24 UTC","5","70","product","B0DMF4LP99","https://www.amazon.in/-/bn/dp/B0DMF4LP99/","boAt Wave Call 2 Plus স্মার্ট ওয়াচ w/দ্বিভাষিক সাপোর্ট (হিন্দি/ইংরেজি), 1.96""(4.97 cm) HD ডিসপ্লে, BT কলিং, 100+ স্পোর্টস মোড, অ্যানিমেটেড ওয়াচ ফেস, ভয়েস অ্যাসিস্ট্যান্ট (অ্যাক্টিভ ব্ল্যাক)","","https://m.media-amazon.com/images/I/710IzU5T3cL._AC_UY654_QL65_.jpg","1449.0","1449.0","INR","741","100","",""
"amazon","in","search_results","term","smart watches","true","","2026-01-09 13:39:24 UTC","5","71","product","B0B46DZ376","https://www.amazon.in/-/bn/dp/B0B46DZ376/","Noise Champ 2 স্মার্ট ওয়াচ বাচ্চাদের জন্য অভ্যাস অনুস্মারক (হ্যান্ডওয়াশ, ব্রাশিং ইত্যাদি), 7 দিনের ব্যাটারি, নয়েজফিট সিঙ্ক অ্যাপ, IP68 জলরোধী, স্বাস্থ্য ট্র্যাকার, ইন-বিল্ট গেমস, একাধিক মোড (হিমায়িত নীল)","","https://m.media-amazon.com/images/I/61J-OddQDeL._AC_UY654_QL65_.jpg","1999.0","1999.0","INR","139","100","",""
"amazon","in","search_results","term","smart watches","true","","2026-01-09 13:39:24 UTC","5","72","product","B0DM99779R","https://www.amazon.in/-/bn/dp/B0DM99779R/","Fastrack AMOLED ডিসপ্লে ব্লুটুথ কলিং স্মার্টওয়াচ, হ্যাজেল::গ্রীন , আবিষ্কার","","https://m.media-amazon.com/images/I/81sAzAGh2+L._AC_UY654_QL65_.jpg","5499.0","5499.0","INR","22","100","",""
"amazon","in","search_results","term","smart watches","true","","2026-01-09 13:39:24 UTC","5","73","product","B0DT98L8LJ","https://www.amazon.in/-/bn/dp/B0DT98L8LJ/","PunnkFunnk NovoLux HD ডিসপ্লে স্মার্টওয়াচ পুরুষ ও মহিলাদের জন্য উত্তর / কল করুন, হার্ট রেট মনিটর, 113+ স্পোর্টস মোড, স্টেপ কাউন্টার, IP68 ওয়াটারপ্রুফ, Android এবং iOS এর সাথে সামঞ্জস্যপূর্ণ (কালো)","","https://m.media-amazon.com/images/I/51HKJb7aGaL._AC_UY654_QL65_.jpg","848.0","848.0","INR","117","100","",""
"amazon","in","search_results","term","smart watches","true","","2026-01-09 13:39:24 UTC","5","74","product","B0CCL5M3DD","https://www.amazon.in/-/bn/dp/B0CCL5M3DD/","sekyo S2 Pro কলিং স্মার্ট ওয়াচ বাচ্চাদের জন্য | ছেলে এবং মেয়েদের জন্য বাচ্চাদের স্মার্টওয়াচ | লোকেশন ট্র্যাকিং, ক্যামেরা, এসওএস, নিরাপদ অঞ্চল, ফ্যামিলি গ্রুপ চ্যাট | 4G/5G সিম কার্ড সাপোর্ট | অ্যাপ","","https://m.media-amazon.com/images/I/51v+ykM-wML._AC_UY654_QL65_.jpg","2854.0","2854.0","INR","22","100","",""
"amazon","in","search_results","term","smart watches","true","","2026-01-09 13:39:24 UTC","5","75","product","B0F5HRCK7W","https://www.amazon.in/-/bn/dp/B0F5HRCK7W/","Titan Crest 2.0 স্মার্ট ওয়াচ পুরুষ ও মহিলাদের জন্য, 1.43"" AMOLED ডিসপ্লে, মেশ মেটাল স্ট্র্যাপ, BT কলিং, টেইলার্ড অ্যাক্টিভিটি ট্র্যাকার, 100+ স্পোর্টস মোড, ফাস্ট চার্জিং, স্মার্ট ওয়াচ পুরুষদের জন্য","","https://m.media-amazon.com/images/I/81sebBRoZDL._AC_UY654_QL65_.jpg","6499.0","6499.0","INR","30","100","",""
"amazon","in","search_results","term","smart watches","true","","2026-01-09 13:39:24 UTC","5","76","product","B0FCSDX6G8","https://www.amazon.in/-/bn/dp/B0FCSDX6G8/","GOBOULT সদ্য চালু হওয়া ক্রাউন স্মার্ট ওয়াচ 1.95''স্ক্রিন, BT কলিং, ওয়ার্কিং ক্রাউন, জিঙ্ক অ্যালয় ফ্রেম, 900Nits ব্রাইটনেস,AI ভয়েস অ্যাসিস্ট্যান্ট,SpO2 মনিটরিং, 120+ স্পোর্টস মোড (ডেনিম ব্লু)","","https://m.media-amazon.com/images/I/81GN-mG3VzL._AC_UY654_QL65_.jpg","","","INR","224","100","",""
"amazon","in","search_results","term","smart watches","true","","2026-01-09 13:39:24 UTC","5","77","product","B0D6N5V9PY","https://www.amazon.in/-/bn/dp/B0D6N5V9PY/","Noise সদ্য লঞ্চ হওয়া Halo 2 স্মার্ট ওয়াচ 1ম কার্যকরী ঘূর্ণায়মান ডায়াল (অ্যাক্সি-কাট বেজেল), 1.43"" AMOLED, স্টেইনলেস স্টিল বিল্ড, কাস্টম ট্রানজিশন এফেক্টস, BT কলিং, হেলথ স্যুট (জেট ব্ল্যাক)","","https://m.media-amazon.com/images/I/71x2lrotvsL._AC_UY654_QL65_.jpg","3999.0","3999.0","INR","72","100","",""
"amazon","in","search_results","term","smart watches","true","","2026-01-09 13:39:24 UTC","5","78","product","B0F4KDD5BS","https://www.amazon.in/-/bn/dp/B0F4KDD5BS/","Titan ব্রেসলেট স্মার্ট ওয়াচ পুরুষদের জন্য, BT কলিং, ভয়েস অ্যাসিস্ট্যান্ট, সবুজ::নীল , ঐতিহ্য","","https://m.media-amazon.com/images/I/81yDbbIiqBL._AC_UY654_QL65_.jpg","12495.0","12495.0","INR","250","100","",""
"amazon","in","search_results","term","smart watches","true","","2026-01-09 13:39:24 UTC","5","79","product","B0DS13WMCT","https://www.amazon.in/-/bn/dp/B0DS13WMCT/","MARVIK স্মার্ট ওয়াচ বাচ্চা, পুরুষ, ছেলে, বালিকা এবং মহিলাদের জন্য, D20 Plus 2025, Android এবং iOS ফোনের জন্য সর্বশেষতম, দৈনিক অ্যাক্টিভিটি ট্র্যাকারের সাথে IP68 জলরোধী, হার্ট রেট সেন্সর, স্লিপ মনিটর","","https://m.media-amazon.com/images/I/51Q74o0dcYL._AC_UY654_QL65_.jpg","349.0","349.0","INR","12","100","",""
"amazon","in","search_results","term","smart watches","true","","2026-01-09 13:39:24 UTC","5","80","product","B0DM5RD6M6","https://www.amazon.in/-/bn/dp/B0DM5RD6M6/","GOBOULT Crown R Pro স্মার্ট ওয়াচ 1.43''HD AMOLED, ব্লুটুথ কলিং, ওয়ার্কিং ক্রাউন, জিঙ্ক অ্যালয় ফ্রেম, 600Nits ব্রাইটনেস, AI ভয়েস অ্যাসিস্ট্যান্ট, SpO2 মনিটরিং, 120+স্পোর্টস মোড (জেট ব্ল্যাক)","","https://m.media-amazon.com/images/I/51fxJmzXSSL._AC_UY654_QL65_.jpg","1999.0","1999.0","INR","1","100","",""
"amazon","in","search_results","term","smart watches","true","","2026-01-09 13:39:24 UTC","6","81","product","B0DT3YNMBX","https://www.amazon.in/-/bn/dp/B0DT3YNMBX/","Amazfit Active 2 44mm AMOLED স্মার্ট ওয়াচ, বিল্ট ইন GPS, 10 দিনের ব্যাটারি, 5ATM জল প্রতিরোধী, iOS এবং Android এর জন্য, সঠিক রিডিং, 2000 Nits ব্রাইট, 160+ স্পোর্টস মোড, স্লিপ মনিটর, কালো সিলিকন","","https://m.media-amazon.com/images/I/71mpuO4LqeL._AC_UY654_QL65_.jpg","9999.0","9999.0","INR","15","100","",""
"amazon","in","search_results","term","smart watches","true","","2026-01-09 13:39:24 UTC","6","82","product","B0BGXXSD32","https://www.amazon.in/-/bn/dp/B0BGXXSD32/","Fossil Gen 6 ডিসপ্লে ওয়েলনেস এডিশন ব্ল্যাক স্মার্টওয়াচ FTW4069, গ্রে::সাদা::কালো, স্ট্র্যাপ","","https://m.media-amazon.com/images/I/51yI829dMoL._AC_UY654_QL65_.jpg","7198.0","7198.0","INR","16","100","",""
"amazon","in","search_results","term","smart watches","true","","2026-01-09 13:39:24 UTC","6","83","product","B0BD57PMSX","https://www.amazon.in/-/bn/dp/B0BD57PMSX/","Garmin Venu Sq 2 GPS স্মার্টওয়াচ, সারাদিনের স্বাস্থ্য নিরীক্ষণ, দীর্ঘস্থায়ী ব্যাটারি লাইফ, AMOLED ডিসপ্লে, স্লেট এবং শ্যাডো গ্রে","","https://m.media-amazon.com/images/I/71Q4F70cosL._AC_UY654_QL65_.jpg","20500.0","20500.0","INR","100","100","",""
"amazon","in","search_results","term","smart watches","true","","2026-01-09 13:39:24 UTC","6","84","product","B0DFYJWSS7","https://www.amazon.in/-/bn/dp/B0DFYJWSS7/","Boat Enigma Gem মহিলাদের লাক্সারি স্মার্ট ওয়াচ w/ 1.19"" (3.02cm) AMOLED ডিসপ্লে, জরুরী SOS লাইভ লোকেশন শেয়ারিং, ওয়াচ ফেস স্টুডিও, QR ট্রে, BT কলিং, 700+ অ্যাক্টিভ মোড, HR & SpO2 (রোজ গোল্ড)","","https://m.media-amazon.com/images/I/81VyCgk+TbL._AC_UY654_QL65_.jpg","2999.0","2999.0","INR","22","100","",""
"amazon","in","search_results","term","smart watches","true","","2026-01-09 13:39:24 UTC","6","85","product","B0CVQ5H9M3","https://www.amazon.in/-/bn/dp/B0CVQ5H9M3/","OnePlus Watch 2 সাথে Wear OS 4, Snapdragon W5 চিপসেট, 100 ঘন্টা পর্যন্ত ব্যাটারি লাইফ, 1.43'' AMOLED ডিসপ্লে, স্টেইনলেস স্টিল এবং স্যাফায়ার ক্রিস্টাল বিল্ড, ডুয়াল ফ্রিকোয়েন্সি GPS, 5 ATM, IP68 এবং","","https://m.media-amazon.com/images/I/71I3RQGHDrL._AC_UY654_QL65_.jpg","14999.0","14999.0","INR","625","100","",""
"amazon","in","search_results","term","smart watches","true","","2026-01-09 13:39:24 UTC","6","86","product","B0CT3SGHXL","https://www.amazon.in/-/bn/dp/B0CT3SGHXL/","Garmin Forerunner 165, GPS সহ স্মার্টওয়াচ চালানো, রঙিন AMOLED ডিসপ্লে, প্রশিক্ষণ মেট্রিক্স এবং রিকভারি ইনসাইটস, (কালো/সল্ট গ্রে)","","https://m.media-amazon.com/images/I/61m+fKy7wzL._AC_UY654_QL65_.jpg","24990.0","24990.0","INR","27","100","",""
"amazon","in","search_results","term","smart watches","true","","2026-01-09 13:39:24 UTC","6","87","product","B0D7MDJ9YZ","https://www.amazon.in/-/bn/dp/B0D7MDJ9YZ/","OnePlus Watch 2R এর Wear OS 4 সহ Google, Snapdragon W5 চিপসেট, 100 ঘন্টা পর্যন্ত ব্যাটারি লাইফ, 1.43'' AMOLED ডিসপ্লে, 100+ স্পোর্টস মোড, ডুয়াল ফ্রিকোয়েন্সি GPS, 5 ATM, IP68 এবং BT কলিং [গানমেটাল","","https://m.media-amazon.com/images/I/71-fLbOw9eL._AC_UY654_QL65_.jpg","13999.0","13999.0","INR","565","100","",""
"amazon","in","search_results","term","smart watches","true","","2026-01-09 13:39:24 UTC","6","88","product","B0CLR8QT11","https://www.amazon.in/-/bn/dp/B0CLR8QT11/","HD ডিসপ্লে, BT কলিং সহ Titan স্মার্টওয়াচ, গোল্ড :: বাদামি , আধুনিক","","https://m.media-amazon.com/images/I/71yoSZtvzuL._AC_UY654_QL65_.jpg","5999.0","5999.0","INR","28","100","",""
"amazon","in","search_results","term","smart watches","true","","2026-01-09 13:39:24 UTC","6","89","product","B0CDX8H6XF","https://www.amazon.in/-/bn/dp/B0CDX8H6XF/","Amazfit Balance 46mm AMOLED স্মার্ট ওয়াচ, বডি কম্পোজিশন, 14 দিনের ব্যাটারি, ডুয়াল-ব্যান্ড GPS, BT কলিং, VO2 ম্যাক্স, অ্যালুমিনিয়াম অ্যালয় ফ্রেম, টেম্পারেচার সেন্সর, AI Zepp কোচের সাথে ট্রেন","","https://m.media-amazon.com/images/I/61tISuXDk2L._AC_UY654_QL65_.jpg","16999.0","16999.0","INR","249","100","",""
"amazon","in","search_results","term","smart watches","true","","2026-01-09 13:39:24 UTC","6","90","product","B0D96353KX","https://www.amazon.in/-/bn/dp/B0D96353KX/","Fastrack Limitless ব্লুটুথ কলিং স্মার্টওয়াচ, কালো::টিল , 46.48 মিমি, সীমাহীন গ্লাইড","","https://m.media-amazon.com/images/I/71VuyKaPRmL._AC_UY654_QL65_.jpg","1499.0","1499.0","INR","145","100","",""
"amazon","in","search_results","term","smart watches","true","","2026-01-09 13:39:24 UTC","6","91","product","B0BGSLP51D","https://www.amazon.in/-/bn/dp/B0BGSLP51D/","Noise ColorFit Pro 4 Alpha 1.78"" AMOLED ডিসপ্লে, ব্লুটুথ কলিং স্মার্ট ওয়াচ, ফাংশনাল ক্রাউন, মেটালিক বিল্ড, ইন্টেলিজেন্ট জেসচার কন্ট্রোল, ইনস্টাচার্জ (ডিপ ওয়াইন)","","https://m.media-amazon.com/images/I/61RqU14G4ZL._AC_UY654_QL65_.jpg","1699.0","1699.0","INR","27","100","",""
"amazon","in","search_results","term","smart watches","true","","2026-01-09 13:39:24 UTC","6","92","product","B0DGXWTXFS","https://www.amazon.in/-/bn/dp/B0DGXWTXFS/","Noise Pro 6 স্মার্ট ওয়াচ: ইন্টেলিজেন্ট AI, এন্ডলেস AI ওয়াচ ফেস, AI কম্প্যানিয়ন, 1.85"" AMOLED, EN2 প্রসেসর, Nebula UI 2.0, জরুরী SOS, iOS এবং Android (আর্কটিক উইভ) এর সাথে সামঞ্জস্যপূর্ণ","","https://m.media-amazon.com/images/I/81cuxixj2-L._AC_UY654_QL65_.jpg","6499.0","6499.0","INR","231","100","",""
"amazon","in","search_results","term","smart watches","true","","2026-01-09 13:39:24 UTC","6","93","product","B0DY83ZJBT","https://www.amazon.in/-/bn/dp/B0DY83ZJBT/","সুন্দর স্ট্র্যাপ সহ Star® আল্ট্রা স্মার্ট ওয়াচের মতো, ব্লুটুথ কলিং স্মার্ট ওয়াচ, ফিটনেস এবং আউটডোর, স্বাস্থ্য ও মেডিকেল ট্র্যাকারের সাথে 1.99"" টাচ ডিসপ্লে, 8 অনন্য UI ইন্টারঅ্যাকশন (কালো)","","https://m.media-amazon.com/images/I/511NulrL6kL._AC_UY654_QL65_.jpg","645.0","645.0","INR","20","100","",""
"amazon","in","search_results","term","smart watches","true","","2026-01-09 13:39:24 UTC","6","94","product","B0F13L2GNL","https://www.amazon.in/-/bn/dp/B0F13L2GNL/","WatchOut Champion Kids স্মার্টওয়াচ হ্যাবিট বিল্ডিং, হার্ট রেট, ওয়াটার রিমাইন্ডার, কার্ভড সেন, ওয়াটারপ্রুফ, অ্যাক্টিভিটি, স্কুল মোড, সেরা উপহার, ছেলে, মেয়েরা, বয়স 3-17, শার্ক ট্যাঙ্ক ফেম (রোদ হলুদ","","https://m.media-amazon.com/images/I/71w-tGGJh6L._AC_UY654_QL65_.jpg","2499.0","2499.0","INR","34","100","",""
"amazon","in","search_results","term","smart watches","true","","2026-01-09 13:39:24 UTC","6","95","product","B0D7QKQMZP","https://www.amazon.in/-/bn/dp/B0D7QKQMZP/","Noise Diva 2 Fashion স্মার্ট ওয়াচ মহিলাদের জন্য - সবচেয়ে সুন্দর ডায়াল, 36mm AMOLED ডিসপ্লে, স্নাগ ফিট, উন্নত মহিলা সাইকেল ট্র্যাকার, BT কলিং, স্লিপ ট্র্যাকিং, AI ভয়েস অ্যাসিস্ট্যান্ট, পাসওয়ার্ড","","https://m.media-amazon.com/images/I/712ZKoaOECL._AC_UY654_QL65_.jpg","3999.0","3999.0","INR","51","100","",""
"amazon","in","search_results","term","smart watches","true","","2026-01-09 13:39:24 UTC","6","96","product","B0FFBJMT3T","https://www.amazon.in/-/bn/dp/B0FFBJMT3T/","Pebble Eve আল্ট্রা AMOLED স্মার্টওয়াচ - Luxe স্টেইনলেস স্টিল এলিগেন্স | 700 নিটস উজ্জ্বল ডিসপ্লে | প্রিমিয়াম স্লিক ডায়াল | DIY ওয়াচফেস এবং AI সহকারী (ক্লাসিক ব্ল্যাক)","","https://m.media-amazon.com/images/I/710hSCrOANL._AC_UY654_QL65_.jpg","2999.0","2999.0","INR","44","100","",""
"amazon","in","search_results","term","smart watches","true","","2026-01-09 13:39:24 UTC","7","97","product","B0FQPG9DKM","https://www.amazon.in/-/bn/dp/B0FQPG9DKM/","Huawei Watch GT 6 Pro স্মার্ট ওয়াচ, 46mm, 21 দিন পর্যন্ত ব্যাটারি লাইফ, 100+ স্পোর্টস মোড সহ স্মার্ট ঘড়ি, সাইক্লিং, iOS এবং Android সামঞ্জস্যপূর্ণ, হেলথ মনিটরিং (কালো)","","https://m.media-amazon.com/images/I/71G8jhb86rL._AC_UY654_QL65_.jpg","28999.0","28999.0","INR","34","100","",""
"amazon","in","search_results","term","smart watches","true","","2026-01-09 13:39:24 UTC","7","98","product","B0DWFQCY3V","https://www.amazon.in/-/bn/dp/B0DWFQCY3V/","AI-পাওয়ারড ফিটনেস মনিটরিং, প্রো-লেভেল স্লিপ অ্যানালাইসিস, ইমোশনাল ওয়েলবাইং অ্যাসিস্ট্যান্ট, স্ট্রিমলাইনড মেটালিক ডিজাইন, ফাস্ট চার্জিং, iOS Android (ব্যান্ড 10, স্ট্র্যাপ ব্ল্যাক) সহ Huawei Band 10","","https://m.media-amazon.com/images/I/41abF4vT-OL._AC_UY654_QL65_.jpg","3799.0","3799.0","INR","33","100","",""
"amazon","in","search_results","term","smart watches","true","","2026-01-09 13:39:24 UTC","7","99","product","B0BXLXXTL2","https://www.amazon.in/-/bn/dp/B0BXLXXTL2/","Garmin Instinct 2X সোলার, লার্জ রাগড GPS স্মার্টওয়াচ, বিল্ট-ইন স্পোর্টস অ্যাপস এবং হেলথ মনিটরিং, সোলার চার্জিং এবং আলট্রাটো ডিজাইনের বৈশিষ্ট্য, গ্রাফাইট","","https://m.media-amazon.com/images/I/51oaovkEgKL._AC_UY654_QL65_.jpg","30990.0","30990.0","INR","13","100","",""
"amazon","in","search_results","term","smart watches","true","","2026-01-09 13:39:24 UTC","7","100","product","B0FDQK5KSZ","https://www.amazon.in/-/bn/dp/B0FDQK5KSZ/","Samsung Galaxy Watch8 (44mm, LTE, গ্রাফাইট) 3nm প্রসেসর সহ | ডুয়াল GPS | স্যাফায়ার গ্লাস এবং আর্মার অ্যালুমিনিয়াম | 5ATM এবং IP68 | BP, ECG, IHRN এবং ভাসকুলার লোড মনিটরিং | অ্যান্টি-অক্সিডেন্ট","","https://m.media-amazon.com/images/I/71mych1cspL._AC_UY654_QL65_.jpg","39999.0","39999.0","INR","295","100","",""
"amazon","in","search_results","term","smart watches","true","","2026-01-09 13:39:24 UTC","7","101","product","B0CCV8DBFH","https://www.amazon.in/-/bn/dp/B0CCV8DBFH/","Samsung Galaxy Watch6 Classic (কালো, 47mm) | ঘূর্ণায়মান বেজেল | LTE | BP এবং ECG মনিটর | ঘুম ট্র্যাক | স্বাস্থ্য ট্র্যাক করুন | দ্রুত চার্জিং সহ 40 ঘন্টা পর্যন্ত চার্জ | গ্যালাক্সি ইকোসিস্টেম | IP68","","https://m.media-amazon.com/images/I/71sRBqqrOpL._AC_UY654_QL65_.jpg","16200.0","16200.0","INR","11","100","",""
"amazon","in","search_results","term","smart watches","true","","2026-01-09 13:39:24 UTC","7","102","product","B0D318L7L6","https://www.amazon.in/-/bn/dp/B0D318L7L6/","GameSir প্রিমিয়াম বিলাসবহুল জেন 9 স্মার্টওয়াচ, HD ডিসপ্লে গোল্ড মেটাল স্ট্র্যাপ এবং অ্যাক্টিভিটি ট্র্যাকার, ব্লুটুথ কলিং, কাস্টমাইজেবল ওয়াচ ফেস, জল প্রতিরোধী স্মার্টওয়াচ মহিলা ও মেয়েদের জন্য (রোজ","","https://m.media-amazon.com/images/I/71qL-Y5ML4L._AC_UY654_QL65_.jpg","1299.0","1299.0","INR","132","100","",""
"amazon","in","search_results","term","smart watches","true","","2026-01-09 13:39:24 UTC","7","103","product","B0DJH2LQ1T","https://www.amazon.in/-/bn/dp/B0DJH2LQ1T/","Huawei Watch D2, স্মার্টওয়াচ 1.82"" AMOLED, অ্যাম্বুলেটরি ব্লাড প্রেসার মনিটরিং, ঘুমের শ্বাস প্রশ্বাসের সচেতনতা, SpO2, হালকা এবং স্লিম ডিজাইন, স্বাস্থ্য সম্প্রদায়, স্মার্ট লাইফস্টাইল, ব্লুটুথ কলিং","","https://m.media-amazon.com/images/I/51zuXVRFrDL._AC_UY654_QL65_.jpg","34499.0","34499.0","INR","133","100","",""
"amazon","in","search_results","term","smart watches","true","","2026-01-09 13:39:24 UTC","7","104","product","B09HVCFLG4","https://www.amazon.in/-/bn/dp/B09HVCFLG4/","Amazfit GTR 3 Pro স্মার্ট ওয়াচ ব্লুটুথ ফোন কল, Alexa, GPS, WiFi, 12-দিনের ব্যাটারি লাইফ, 150 স্পোর্টস মোড, 1.45""AMOLED ডিসপ্লে, ব্লাড অক্সিজেন হার্ট রেট ট্র্যাকিং, ওয়াটারপ্রুফ (অসীম কালো)","","https://m.media-amazon.com/images/I/61LeyQw4qbL._AC_UY654_QL65_.jpg","9999.0","9999.0","INR","15","100","",""
"amazon","in","search_results","term","smart watches","true","","2026-01-09 13:39:24 UTC","7","105","product","B0CY5HQ8V1","https://www.amazon.in/-/bn/dp/B0CY5HQ8V1/","Pebble Vienna স্মার্টওয়াচ মহিলাদের জন্য HD ডিসপ্লে, ডায়মন্ড-কাট ডিজাইন, গ্লসি মেটালিক ফিনিশ, মেশ মেটাল স্ট্র্যাপ, মহিলাদের স্বাস্থ্য নিরীক্ষণ, DIY ওয়াচ ফেসেস - ক্লাসিক গোল্ড","","https://m.media-amazon.com/images/I/81C1utXTM5L._AC_UY654_QL65_.jpg","2399.0","2399.0","INR","396","100","",""
"amazon","in","search_results","term","smart watches","true","","2026-01-09 13:39:24 UTC","7","106","product","B0B75RC9C3","https://www.amazon.in/-/bn/dp/B0B75RC9C3/","Fitbit Inspire 3 স্বাস্থ্য এবং ফিটনেস ট্র্যাকার (মিডনাইট জেন / কালো) 6 মাসের প্রিমিয়াম মেম্বারশিপ সহ","","https://m.media-amazon.com/images/I/61AeGQhwjxL._AC_UY654_QL65_.jpg","8999.0","8999.0","INR","51","100","",""
"amazon","in","search_results","term","smart watches","true","","2026-01-09 13:39:24 UTC","7","107","product","B0DDL7894R","https://www.amazon.in/-/bn/dp/B0DDL7894R/","Huawei Watch GT 5 41mm স্মার্টওয়াচ, 7 দিন পর্যন্ত ব্যাটারি লাইফ, iOS & Android সামঞ্জস্যপূর্ণ, ম্যাপে নির্মিত, প্রো-লেভেল স্পোর্টস কল এবং মেসেজ রিপ্লা, ফ্রি FreeBuds 5I (সাদা)","","https://m.media-amazon.com/images/I/71Wbs8jOhDL._AC_UY654_QL65_.jpg","13999.0","13999.0","INR","568","100","",""
"amazon","in","search_results","term","smart watches","true","","2026-01-09 13:39:24 UTC","7","108","product","B0FQPBW2H3","https://www.amazon.in/-/bn/dp/B0FQPBW2H3/","Huawei Watch GT 6 স্মার্ট ওয়াচ, 46mm, 21 দিন পর্যন্ত ব্যাটারি লাইফ, 100+ স্পোর্টস মোড সহ স্মার্ট ঘড়ি, সাইক্লিং, iOS এবং Android সামঞ্জস্যপূর্ণ, ইমোশনাল ওয়েলবিং, হেলথ মনিটরিং (কালো)","","https://m.media-amazon.com/images/I/71dY3VzFmYL._AC_UY654_QL65_.jpg","21999.0","21999.0","INR","16","100","",""
"amazon","in","search_results","term","smart watches","true","","2026-01-09 13:39:24 UTC","7","109","product","B0D83H584X","https://www.amazon.in/-/bn/dp/B0D83H584X/","GameSir H9 স্মার্টওয়াচ দীর্ঘ ব্যাটারি লাইফ 2.01"" স্ক্রিন হাই রেজোলিউশন ব্লুটুথ কলিং IP68 ওয়াটারপ্রুফ TFT ডিসপ্লে সর্বশেষ এবং লাক্সারি IP68 ওয়াটারপ্রুফ স্মার্ট ওয়াচ পুরুষ ও মহিলাদের জন্য (ধূসর)","","https://m.media-amazon.com/images/I/71Nb5uxJpsL._AC_UY654_QL65_.jpg","939.0","939.0","INR","42","100","",""
"amazon","in","search_results","term","smart watches","true","","2026-01-09 13:39:24 UTC","7","110","product","B0BD93V6RY","https://www.amazon.in/-/bn/dp/B0BD93V6RY/","OnePlus 1.78"" AMOLED ডিসপ্লে, 60 Hz রিফ্রেশ রেট, 105 ফিটনেস মোড, 10 দিনের ব্যাটারি, SPO2, হার্ট রেট, স্ট্রেস মনিটর, মহিলাদের হেলথ ট্র্যাকার এবং একাধিক ঘড়ির ফেসগুলি সহ Nord Watch [ডিপ ব্লু]","","https://m.media-amazon.com/images/I/51Lums4VcgL._AC_UY654_QL65_.jpg","4999.0","4999.0","INR","33","100","",""
"amazon","in","search_results","term","smart watches","true","","2026-01-09 13:39:24 UTC","7","111","product","B0FDQJYWSB","https://www.amazon.in/-/bn/dp/B0FDQJYWSB/","Samsung Galaxy Watch8 (44mm, ব্লুটুথ, সিলভার) 3nm প্রসেসর সহ | ডুয়াল GPS | স্যাফায়ার গ্লাস এবং আর্মার অ্যালুমিনিয়াম | 5ATM এবং IP68 | BP, ECG, IHRN এবং ভাসকুলার লোড মনিটরিং | অ্যান্টি-অক্সিডেন্ট","","https://m.media-amazon.com/images/I/51M4UPcIatL._AC_UY654_QL65_.jpg","35999.0","35999.0","INR","295","100","",""
"amazon","in","search_results","term","smart watches","true","","2026-01-09 13:39:24 UTC","7","112","product","B0FQG8MSVT","https://www.amazon.in/-/bn/dp/B0FQG8MSVT/","Apple Watch Series 11 GPS 46mm জেট ব্ল্যাক অ্যালুমিনিয়াম কেস সাথে ব্ল্যাক স্পোর্ট ব্যান্ড - M/L","","https://m.media-amazon.com/images/I/713JnydHQ2L._AC_UY654_QL65_.jpg","49900.0","49900.0","INR","58","100","",""
"amazon","in","search_results","term","smart watches","true","","2026-01-09 13:39:24 UTC","8","113","product","B0DJH2LQ1T","https://www.amazon.in/-/bn/dp/B0DJH2LQ1T/","Huawei Watch D2, স্মার্টওয়াচ 1.82"" AMOLED, অ্যাম্বুলেটরি ব্লাড প্রেসার মনিটরিং, ঘুমের শ্বাস প্রশ্বাসের সচেতনতা, SpO2, হালকা এবং স্লিম ডিজাইন, স্বাস্থ্য সম্প্রদায়, স্মার্ট লাইফস্টাইল, ব্লুটুথ কলিং","","https://m.media-amazon.com/images/I/51zuXVRFrDL._AC_UY654_QL65_.jpg","34499.0","34499.0","INR","133","100","",""
"amazon","in","search_results","term","smart watches","true","","2026-01-09 13:39:24 UTC","8","114","product","B0DDL7894R","https://www.amazon.in/-/bn/dp/B0DDL7894R/","Huawei Watch GT 5 41mm স্মার্টওয়াচ, 7 দিন পর্যন্ত ব্যাটারি লাইফ, iOS & Android সামঞ্জস্যপূর্ণ, ম্যাপে নির্মিত, প্রো-লেভেল স্পোর্টস কল এবং মেসেজ রিপ্লা, ফ্রি FreeBuds 5I (সাদা)","","https://m.media-amazon.com/images/I/71Wbs8jOhDL._AC_UY654_QL65_.jpg","13999.0","13999.0","INR","568","100","",""
"amazon","in","search_results","term","smart watches","true","","2026-01-09 13:39:24 UTC","8","115","product","B0BD93V6RY","https://www.amazon.in/-/bn/dp/B0BD93V6RY/","OnePlus 1.78"" AMOLED ডিসপ্লে, 60 Hz রিফ্রেশ রেট, 105 ফিটনেস মোড, 10 দিনের ব্যাটারি, SPO2, হার্ট রেট, স্ট্রেস মনিটর, মহিলাদের হেলথ ট্র্যাকার এবং একাধিক ঘড়ির ফেসগুলি সহ Nord Watch [ডিপ ব্লু]","","https://m.media-amazon.com/images/I/51Lums4VcgL._AC_UY654_QL65_.jpg","4999.0","4999.0","INR","33","100","",""
"amazon","in","search_results","term","smart watches","true","","2026-01-09 13:39:24 UTC","8","116","product","B0CY5HQ8V1","https://www.amazon.in/-/bn/dp/B0CY5HQ8V1/","Pebble Vienna স্মার্টওয়াচ মহিলাদের জন্য HD ডিসপ্লে, ডায়মন্ড-কাট ডিজাইন, গ্লসি মেটালিক ফিনিশ, মেশ মেটাল স্ট্র্যাপ, মহিলাদের স্বাস্থ্য নিরীক্ষণ, DIY ওয়াচ ফেসেস - ক্লাসিক গোল্ড","","https://m.media-amazon.com/images/I/81C1utXTM5L._AC_UY654_QL65_.jpg","2399.0","2399.0","INR","396","100","",""
"amazon","in","search_results","term","smart watches","true","","2026-01-09 13:39:24 UTC","8","117","product","B0CHRPDHN3","https://www.amazon.in/-/bn/dp/B0CHRPDHN3/","Nervfit ACTIV Pro স্মার্ট ওয়াচ 1.39'' TrueColor+ LED ডিসপ্লে, ব্লুটুথ কল, হার্ট রেট, SpO2, BP, ক্যালোরি, স্টেপ কাউন্ট, ক্যামেরা এবং মিউজিক কন্ট্রোল","","https://m.media-amazon.com/images/I/71DmrLiekHL._AC_UY654_QL65_.jpg","1849.0","1849.0","INR","181","100","",""
"amazon","in","search_results","term","smart watches","true","","2026-01-09 13:39:24 UTC","8","118","product","B0FQPBW2H3","https://www.amazon.in/-/bn/dp/B0FQPBW2H3/","Huawei Watch GT 6 স্মার্ট ওয়াচ, 46mm, 21 দিন পর্যন্ত ব্যাটারি লাইফ, 100+ স্পোর্টস মোড সহ স্মার্ট ঘড়ি, সাইক্লিং, iOS এবং Android সামঞ্জস্যপূর্ণ, ইমোশনাল ওয়েলবিং, হেলথ মনিটরিং (কালো)","","https://m.media-amazon.com/images/I/71dY3VzFmYL._AC_UY654_QL65_.jpg","21999.0","21999.0","INR","16","100","",""
"amazon","in","search_results","term","smart watches","true","","2026-01-09 13:39:24 UTC","8","119","product","B0CVN3NK42","https://www.amazon.in/-/bn/dp/B0CVN3NK42/","Samsung Galaxy Fit3 (ধূসর) | 4cm AMOLED ডিসপ্লে | 13 দিনের ব্যাটারি | 100+ অনুশীলন | মিডিয়া কন্ট্রোল | স্লিপ ট্র্যাক করুন | আপনার ওয়ার্কআউট ট্র্যাক করুন","","https://m.media-amazon.com/images/I/61sSwX2mo+L._AC_UY654_QL65_.jpg","4599.0","4599.0","INR","36","100","",""
"amazon","in","search_results","term","smart watches","true","","2026-01-09 13:39:24 UTC","8","120","product","B0FDQJYWSB","https://www.amazon.in/-/bn/dp/B0FDQJYWSB/","Samsung Galaxy Watch8 (44mm, ব্লুটুথ, সিলভার) 3nm প্রসেসর সহ | ডুয়াল GPS | স্যাফায়ার গ্লাস এবং আর্মার অ্যালুমিনিয়াম | 5ATM এবং IP68 | BP, ECG, IHRN এবং ভাসকুলার লোড মনিটরিং | অ্যান্টি-অক্সিডেন্ট","","https://m.media-amazon.com/images/I/51M4UPcIatL._AC_UY654_QL65_.jpg","35999.0","35999.0","INR","295","100","",""
"amazon","in","search_results","term","smart watches","true","","2026-01-09 13:39:24 UTC","8","121","product","B0D7W1FWP3","https://www.amazon.in/-/bn/dp/B0D7W1FWP3/","Pebble Royale Legend | 1.43"" AMOLED ডিসপ্লে | আল্ট্রা-স্লিম প্রিমিয়াম বিল্ড | সর্বদা-অন ডিসপ্লে | ব্লুটুথ কলিং | স্বাস্থ্য ট্র্যাকিং এবং স্মার্ট বৈশিষ্ট্য (বাদামী)","","https://m.media-amazon.com/images/I/71GeSaq9AbL._AC_UY654_QL65_.jpg","3299.0","3299.0","INR","375","100","",""
"amazon","in","search_results","term","smart watches","true","","2026-01-09 13:39:24 UTC","8","122","product","B0DS2796HZ","https://www.amazon.in/-/bn/dp/B0DS2796HZ/","GOBOULT Dire স্মার্টওয়াচ: 1.38'' 2.5D কার্ভড HD ডিসপ্লে, BT কলিং, 500 Nits ব্রাইটনেস, IP67, 250+ ওয়াচফেস, 120+ স্পোর্টস মোড, AI ভয়েস অ্যাসিস্ট্যান্ট, SpO2 মনিটরিং (সিলভার)","","https://m.media-amazon.com/images/I/71w440m0YJL._AC_UY654_QL65_.jpg","1399.0","1399.0","INR","473","100","",""
"amazon","in","search_results","term","smart watches","true","","2026-01-09 13:39:24 UTC","8","123","product","B0FQG8MSVT","https://www.amazon.in/-/bn/dp/B0FQG8MSVT/","Apple Watch Series 11 GPS 46mm জেট ব্ল্যাক অ্যালুমিনিয়াম কেস সাথে ব্ল্যাক স্পোর্ট ব্যান্ড - M/L","","https://m.media-amazon.com/images/I/713JnydHQ2L._AC_UY654_QL65_.jpg","49900.0","49900.0","INR","58","100","",""
"amazon","in","search_results","term","smart watches","true","","2026-01-09 13:39:24 UTC","8","124","product","B0FQFT397C","https://www.amazon.in/-/bn/dp/B0FQFT397C/","Apple Watch SE 3 GPS 44mm স্টারলাইট অ্যালুমিনিয়াম কেস স্টারলাইট স্পোর্ট ব্যান্ড সহ - M/L","","https://m.media-amazon.com/images/I/61BFLzrJ8lL._AC_UY654_QL65_.jpg","28900.0","28900.0","INR","100","100","",""
"amazon","in","search_results","term","smart watches","true","","2026-01-09 13:39:24 UTC","8","125","product","B0FW527YHQ","https://www.amazon.in/-/bn/dp/B0FW527YHQ/","Fastrack স্লিক স্মার্টওয়াচ 1.32"" inch AMOLED ডিসপ্লে, স্লিক ডিজাইন, ফাংশনাল ক্রাউন, QR হাব, 24/7 হেলথ স্যুট, BT কলিং, SpO2, HRM, IP68, একাধিক মেনু স্টাইল, গেমস - ডাস্টি রোজ","","https://m.media-amazon.com/images/I/61KSavsn1aL._AC_UY654_QL65_.jpg","4399.0","4399.0","INR","5","100","",""
"amazon","in","search_results","term","smart watches","true","","2026-01-09 13:39:24 UTC","8","126","product","B0DFYJRNKP","https://www.amazon.in/-/bn/dp/B0DFYJRNKP/","boAt Enigma Orion পুরুষদের লাক্সারি স্মার্ট ওয়াচ Enigma Orion w/ 1.39""(3.53 cm) HD ডিসপ্লে, ফাংশনাল ক্রাউন, BT কলিং, মেটাল বডি, অ্যাক্টিভিটি ট্র্যাকার, 7 দিনের ব্যাটারি, পুরুষদের জন্য স্মার্ট ওয়াচ","","https://m.media-amazon.com/images/I/71WaJ2fBsNL._AC_UY654_QL65_.jpg","2199.0","2199.0","INR","11","100","",""
"amazon","in","search_results","term","smart watches","true","","2026-01-09 13:39:24 UTC","8","127","product","B0DGJ5CG13","https://www.amazon.in/-/bn/dp/B0DGJ5CG13/","Apple Watch SE (2য় Gen, 2023) [GPS 44mm] ডেনিম স্পোর্ট ব্যান্ডের সাথে সিলভার অ্যালুমিনিয়াম কেস সহ স্মার্টওয়াচ। ফিটনেস এবং স্লিপ ট্র্যাকার, ক্র্যাশ ডিটেকশন, হার্ট রেট মনিটর, রেটিনা ডিসপ্লে","","https://m.media-amazon.com/images/I/71ogSFlbK+L._AC_UY654_QL65_.jpg","23999.0","23999.0","INR","14","100","",""
"amazon","in","search_results","term","smart watches","true","","2026-01-09 13:39:24 UTC","8","128","product","B09DG7YQR1","https://www.amazon.in/-/bn/dp/B09DG7YQR1/","Samsung Galaxy Watch4 Classic LTE (4.6cm, কালো)","","https://m.media-amazon.com/images/I/61ftRB6KycL._AC_UY654_QL65_.jpg","13490.0","13490.0","INR","107","100","",""
"amazon","in","search_results","term","smart watches","true","","2026-01-09 13:39:24 UTC","9","129","product","B0BD93V6RY","https://www.amazon.in/-/bn/dp/B0BD93V6RY/","OnePlus 1.78"" AMOLED ডিসপ্লে, 60 Hz রিফ্রেশ রেট, 105 ফিটনেস মোড, 10 দিনের ব্যাটারি, SPO2, হার্ট রেট, স্ট্রেস মনিটর, মহিলাদের হেলথ ট্র্যাকার এবং একাধিক ঘড়ির ফেসগুলি সহ Nord Watch [ডিপ ব্লু]","","https://m.media-amazon.com/images/I/51Lums4VcgL._AC_UY654_QL65_.jpg","4999.0","4999.0","INR","33","100","",""
"amazon","in","search_results","term","smart watches","true","","2026-01-09 13:39:24 UTC","9","130","product","B0CHRPDHN3","https://www.amazon.in/-/bn/dp/B0CHRPDHN3/","Nervfit ACTIV Pro স্মার্ট ওয়াচ 1.39'' TrueColor+ LED ডিসপ্লে, ব্লুটুথ কল, হার্ট রেট, SpO2, BP, ক্যালোরি, স্টেপ কাউন্ট, ক্যামেরা এবং মিউজিক কন্ট্রোল","","https://m.media-amazon.com/images/I/71DmrLiekHL._AC_UY654_QL65_.jpg","1849.0","1849.0","INR","181","100","",""
"amazon","in","search_results","term","smart watches","true","","2026-01-09 13:39:24 UTC","9","131","product","B0D7W1FWP3","https://www.amazon.in/-/bn/dp/B0D7W1FWP3/","Pebble Royale Legend | 1.43"" AMOLED ডিসপ্লে | আল্ট্রা-স্লিম প্রিমিয়াম বিল্ড | সর্বদা-অন ডিসপ্লে | ব্লুটুথ কলিং | স্বাস্থ্য ট্র্যাকিং এবং স্মার্ট বৈশিষ্ট্য (বাদামী)","","https://m.media-amazon.com/images/I/71GeSaq9AbL._AC_UY654_QL65_.jpg","3299.0","3299.0","INR","375","100","",""
"amazon","in","search_results","term","smart watches","true","","2026-01-09 13:39:24 UTC","9","132","product","B0FQG8MSVT","https://www.amazon.in/-/bn/dp/B0FQG8MSVT/","Apple Watch Series 11 GPS 46mm জেট ব্ল্যাক অ্যালুমিনিয়াম কেস সাথে ব্ল্যাক স্পোর্ট ব্যান্ড - M/L","","https://m.media-amazon.com/images/I/713JnydHQ2L._AC_UY654_QL65_.jpg","49900.0","49900.0","INR","58","100","",""
"amazon","in","search_results","term","smart watches","true","","2026-01-09 13:39:24 UTC","9","133","product","B0FW527YHQ","https://www.amazon.in/-/bn/dp/B0FW527YHQ/","Fastrack স্লিক স্মার্টওয়াচ 1.32"" inch AMOLED ডিসপ্লে, স্লিক ডিজাইন, ফাংশনাল ক্রাউন, QR হাব, 24/7 হেলথ স্যুট, BT কলিং, SpO2, HRM, IP68, একাধিক মেনু স্টাইল, গেমস - ডাস্টি রোজ","","https://m.media-amazon.com/images/I/61KSavsn1aL._AC_UY654_QL65_.jpg","4399.0","4399.0","INR","5","100","",""
"amazon","in","search_results","term","smart watches","true","","2026-01-09 13:39:24 UTC","9","134","product","B0DSLRYYKL","https://www.amazon.in/-/bn/dp/B0DSLRYYKL/","Boult GOBOULT (পূর্বে ট্রেইল প্রো স্মার্টওয়াচ 2.01'' 3D কার্ভড স্ক্রিন+AMOLED, BT কলিং 5.3, 600 Nits ব্রাইটনেস, IP68, 250+ ওয়াচফেস, 120+ স্পোর্টস মোড, AI ভয়েস অ্যাসিস্ট্যান্ট, SpO2 ট্র্যাকিং (কালো)","","https://m.media-amazon.com/images/I/7119Qj005GL._AC_UY654_QL65_.jpg","1599.0","1599.0","INR","413","100","",""
"amazon","in","search_results","term","smart watches","true","","2026-01-09 13:39:24 UTC","9","135","product","B0DS2796HZ","https://www.amazon.in/-/bn/dp/B0DS2796HZ/","GOBOULT Dire স্মার্টওয়াচ: 1.38'' 2.5D কার্ভড HD ডিসপ্লে, BT কলিং, 500 Nits ব্রাইটনেস, IP67, 250+ ওয়াচফেস, 120+ স্পোর্টস মোড, AI ভয়েস অ্যাসিস্ট্যান্ট, SpO2 মনিটরিং (সিলভার)","","https://m.media-amazon.com/images/I/71w440m0YJL._AC_UY654_QL65_.jpg","1399.0","1399.0","INR","473","100","",""
"amazon","in","search_results","term","smart watches","true","","2026-01-09 13:39:24 UTC","9","136","product","B0DGJ5CG13","https://www.amazon.in/-/bn/dp/B0DGJ5CG13/","Apple Watch SE (2য় Gen, 2023) [GPS 44mm] ডেনিম স্পোর্ট ব্যান্ডের সাথে সিলভার অ্যালুমিনিয়াম কেস সহ স্মার্টওয়াচ। ফিটনেস এবং স্লিপ ট্র্যাকার, ক্র্যাশ ডিটেকশন, হার্ট রেট মনিটর, রেটিনা ডিসপ্লে","","https://m.media-amazon.com/images/I/71ogSFlbK+L._AC_UY654_QL65_.jpg","23999.0","23999.0","INR","14","100","",""
"amazon","in","search_results","term","smart watches","true","","2026-01-09 13:39:24 UTC","9","137","product","B0FQFNRHQC","https://www.amazon.in/-/bn/dp/B0FQFNRHQC/","Apple Watch SE 3 GPS 40mm মিডনাইট অ্যালুমিনিয়াম কেস মিডনাইট স্পোর্ট ব্যান্ড সহ - S/M","","https://m.media-amazon.com/images/I/61k4ZoQDKVL._AC_UY654_QL65_.jpg","25900.0","25900.0","INR","100","100","",""
"amazon","in","search_results","term","smart watches","true","","2026-01-09 13:39:24 UTC","9","138","product","B0FQF1VRKB","https://www.amazon.in/-/bn/dp/B0FQF1VRKB/","Apple Watch SE 3 GPS + সেলুলার 40mm মিডনাইট অ্যালুমিনিয়াম কেস মিডনাইট স্পোর্ট ব্যান্ড সহ - S/M","","https://m.media-amazon.com/images/I/61JNnIA2XmL._AC_UY654_QL65_.jpg","30900.0","30900.0","INR","47","100","",""
"amazon","in","search_results","term","smart watches","true","","2026-01-09 13:39:24 UTC","9","139","product","B0DFYJRNKP","https://www.amazon.in/-/bn/dp/B0DFYJRNKP/","boAt Enigma Orion পুরুষদের লাক্সারি স্মার্ট ওয়াচ Enigma Orion w/ 1.39""(3.53 cm) HD ডিসপ্লে, ফাংশনাল ক্রাউন, BT কলিং, মেটাল বডি, অ্যাক্টিভিটি ট্র্যাকার, 7 দিনের ব্যাটারি, পুরুষদের জন্য স্মার্ট ওয়াচ","","https://m.media-amazon.com/images/I/71WaJ2fBsNL._AC_UY654_QL65_.jpg","2199.0","2199.0","INR","11","100","",""
"amazon","in","search_results","term","smart watches","true","","2026-01-09 13:39:24 UTC","9","140","product","B0BRY8SHY2","https://www.amazon.in/-/bn/dp/B0BRY8SHY2/","sekyo 'Carepal Pro' বাচ্চাদের স্মার্ট ওয়াচ ছেলে/মেয়েদের জন্য | 4G সিম, HD ভিডিও কলিং, লাইভ GPS ট্র্যাকিং |অ্যাপ কন্ট্রোল, অভ্যাস প্রশিক্ষক, গেমস, পেডোমিটার, নিরাপদ জোন সতর্কতা, SOS, পারিবারিক চ্যাট","","https://m.media-amazon.com/images/I/51t+zOtqjAL._AC_UY654_QL65_.jpg","5199.0","5199.0","INR","18","100","",""
"amazon","in","search_results","term","smart watches","true","","2026-01-09 13:39:24 UTC","9","141","product","B09DG7YQR1","https://www.amazon.in/-/bn/dp/B09DG7YQR1/","Samsung Galaxy Watch4 Classic LTE (4.6cm, কালো)","","https://m.media-amazon.com/images/I/61ftRB6KycL._AC_UY654_QL65_.jpg","13490.0","13490.0","INR","107","100","",""
"amazon","in","search_results","term","smart watches","true","","2026-01-09 13:39:24 UTC","9","142","product","B0DT3YMDMZ","https://www.amazon.in/-/bn/dp/B0DT3YMDMZ/","Amazfit Active 2 প্রিমিয়াম 44mm স্মার্ট ওয়াচ, স্যাফায়ার গ্লাস ডিসপ্লে, বক্সে ফ্রি সিলিকন স্ট্র্যাপ, বিল্ট ইন GPS, 10 দিনের ব্যাটারি, 5ATM, iOS এবং Android এর জন্য, 2000 Nits ব্রাইট, 160+ স্পোর্টস","","https://m.media-amazon.com/images/I/71XpjL4qkPL._AC_UY654_QL65_.jpg","11999.0","11999.0","INR","1","100","",""
"amazon","in","search_results","term","smart watches","true","","2026-01-09 13:39:24 UTC","9","143","product","B0DNYXB7CZ","https://www.amazon.in/-/bn/dp/B0DNYXB7CZ/","OLEVS পুরুষদের জন্য স্কোয়ার ওয়াচ অরিজিনাল অ্যানালগ কোয়ার্টজ ক্রোনোগ্রাফ লাক্সারি ফর্মাল কালো স্টেইনলেস স্টিল ডেট মেন রিস্ট ওয়াচ ব্র্যান্ডেড","","https://m.media-amazon.com/images/I/71CUWtFsn+L._AC_UY654_QL65_.jpg","3420.0","3420.0","INR","471","100","",""
"amazon","in","search_results","term","smart watches","true","","2026-01-09 13:39:24 UTC","9","144","product","B0BW3NJ441","https://www.amazon.in/-/bn/dp/B0BW3NJ441/","Shocknshop ডিজিটাল স্পোর্টস স্টাইলিশ মাল্টিফাংশনাল ইলেকট্রনিক LED কালো ডায়াল রিস্ট ওয়াচ পুরুষ ছেলেদের জন্য -WCH78","","https://m.media-amazon.com/images/I/71GGq3msHnL._AC_UY654_QL65_.jpg","499.0","499.0","INR","12","100","",""
